summary_AutomatchType,summary_Abroad,summary_Weight,summary_Title,summary_JobHeadline,summary_Presentation,summary_HiringOrgName,summary_WorkPlaceAddress,summary_WorkPlacePostalCode,summary_WorkPlaceCity,summary_WorkPlaceOtherAddress,summary_WorkPlaceAbroad,summary_WorkPlaceNotStatic,summary_UseWorkPlaceAddressForJoblog,summary_PostingCreated,summary_LastDateApplication,summary_FormattedLastDateApplication,summary_AssignmentStartDate,summary_IsHotjob,summary_IsExternal,summary_Url,summary_Region,summary_Municipality,summary_Country,summary_PostalCode,summary_PostalCodeName,summary_JobAnnouncementType,summary_EmploymentType,summary_WorkHours,summary_OccupationArea,summary_OccupationGroup,summary_Occupation,summary_Location_Latitude,summary_Location_Longitude,summary_JoblogWorkTime_WorkHour,summary_JoblogWorkTime_DailyWorkTime,summary_WorkplaceID,summary_OrganisationId,summary_HiringOrgCVR,summary_UserLoggedIn,summary_AnonymousEmployer,summary_ShareUrl,summary_DetailsUrl,summary_JobLogUrl,summary_HasLocationValues,summary_ID,summary_Latitude,summary_Longitude,details_WorkSchedule,details_WorkConditions,details_EmploymentTypes,details_WorkPlace_Name,details_WorkPlace_Address_AddressLine,details_WorkPlace_Address_Country_Id,details_WorkPlace_Address_Country_Name,details_WorkPlace_Address_Municipality_Id,details_WorkPlace_Address_Municipality_Name,details_WorkPlace_Address_Region_Id,details_WorkPlace_Address_Region_Name,details_WorkPlace_Address_PostalCode,details_WorkPlace_Address_City,details_WorkPlace_PhoneNumber_Number,details_WorkPlace_PhoneNumber_Type,details_WorkPlace_PhoneNumber_Description,details_WorkPlace_FaxNumber,details_WorkPlace_Email,details_WorkPlace_WebAddress,details_WorkPlace_Description,details_WorkPlace_Logo,details_WorkPlace_WorkPlaceOrganizationNumber,details_WorkPlace_OrganizationNumber,details_WorkPlace_OrganizationDescription,details_JobPositionPosting_Id,details_JobPositionPosting_HiringOrg_Name,details_JobPositionPosting_HiringOrg_Address_AddressLine,details_JobPositionPosting_HiringOrg_Address_Country_Id,details_JobPositionPosting_HiringOrg_Address_Country_Name,details_JobPositionPosting_HiringOrg_Address_Municipality_Id,details_JobPositionPosting_HiringOrg_Address_Municipality_Name,details_JobPositionPosting_HiringOrg_Address_Region_Id,details_JobPositionPosting_HiringOrg_Address_Region_Name,details_JobPositionPosting_HiringOrg_Address_PostalCode,details_JobPositionPosting_HiringOrg_Address_City,details_JobPositionPosting_HiringOrg_PhoneNumber_Number,details_JobPositionPosting_HiringOrg_PhoneNumber_Type,details_JobPositionPosting_HiringOrg_PhoneNumber_Description,details_JobPositionPosting_HiringOrg_FaxNumber,details_JobPositionPosting_HiringOrg_Email,details_JobPositionPosting_HiringOrg_WebAddress,details_JobPositionPosting_HiringOrg_Description,details_JobPositionPosting_HiringOrg_Logo,details_JobPositionPosting_HiringOrg_WorkPlaceOrganizationNumber,details_JobPositionPosting_HiringOrg_OrganizationNumber,details_JobPositionPosting_HiringOrg_OrganizationDescription,details_JobPositionPosting_RecruitingCompany,details_JobPositionPosting_PublicationStartDate,details_JobPositionPosting_PublicationEndDate,details_JobPositionPosting_JobPositionInformation_PositionTitle,details_JobPositionPosting_JobPositionInformation_Purpose,details_JobPositionPosting_JobPositionInformation_WorkLocation_AddressLine,details_JobPositionPosting_JobPositionInformation_WorkLocation_Country_Id,details_JobPositionPosting_JobPositionInformation_WorkLocation_Country_Name,details_JobPositionPosting_JobPositionInformation_WorkLocation_Municipality_Id,details_JobPositionPosting_JobPositionInformation_WorkLocation_Municipality_Name,details_JobPositionPosting_JobPositionInformation_WorkLocation_Region_Id,details_JobPositionPosting_JobPositionInformation_WorkLocation_Region_Name,details_JobPositionPosting_JobPositionInformation_WorkLocation_PostalCode,details_JobPositionPosting_JobPositionInformation_WorkLocation_City,details_JobPositionPosting_JobPositionInformation_EmploymentType,details_JobPositionPosting_JobPositionInformation_WeeklyWorkHours_TypeId,details_JobPositionPosting_JobPositionInformation_WeeklyWorkHours_TypeName,details_JobPositionPosting_JobPositionInformation_WeeklyWorkHours_Description,details_JobPositionPosting_JobPositionInformation_CompensationDescription,details_JobPositionPosting_JobPositionInformation_NumberToFill,details_JobPositionPosting_JobPositionInformation_DriverLicense,details_JobPositionPosting_JobPositionInformation_Occupation_Name,details_JobPositionPosting_JobPositionInformation_Occupation_DiscoWeb,details_JobPositionPosting_JobPositionInformation_Occupation_AlternateNames,details_JobPositionPosting_JobPositionInformation_Occupation_GroupId,details_JobPositionPosting_JobPositionInformation_Occupation_AreaId,details_JobPositionPosting_JobPositionInformation_IsGovernmentHiring,details_JobPositionPosting_JobPositionInformation_JppContacts,details_JobPositionPosting_JobPositionInformation_EmploymentDate,details_JobPositionPosting_IsRecruitmentOfForeignNationals,details_JobPositionPosting_IsWorkInDenmark,details_JobPositionPosting_IsAnonymousEmployer,details_JobPositionPosting_IsDisabilityFriendly,details_JobPositionPosting_JppType,details_JobPositionPosting_ApplicationDetails_WorkHourMax,details_JobPositionPosting_ApplicationDetails_WorkHourMin,details_JobPositionPosting_ApplicationDetails_DailyWorkTimeWeekend,details_JobPositionPosting_ApplicationDetails_DailyWorkTimeNight,details_JobPositionPosting_ApplicationDetails_DailyWorkTimeEvening,details_JobPositionPosting_ApplicationDetails_DailyWorkTimeDay,details_JobPositionPosting_ApplicationDetails_DailyWorkTimeMorning,details_JobPositionPosting_ApplicationDetails_DailyWorkTimeVarious,details_JobPositionPosting_ApplicationDetails_ReferenceText,details_JobPositionPosting_ApplicationDetails_RemarksToApplicant,details_JobPositionPosting_ApplicationDetails_ByEmail,details_JobPositionPosting_ApplicationDetails_ByPhone,details_JobPositionPosting_ApplicationDetails_ApplyViaUrl,details_JobPositionPosting_ApplicationDetails_ReplyInWriting,details_JobPositionPosting_ApplicationDetails_ApplicationDeadlineDate,details_JobPositionPosting_Status,details_LogoUrl,details_Address,details_ShowMap,details_ShowShareButtonJobLog,details_JobLogUrl,details_JobLogTemplateModel_Identifier,details_JobLogTemplateModel_UseWorkPlaceAddressForJoblog,details_JobLogTemplateModel_Category,details_JobLogTemplateModel_CvCustomerIdentifier,details_JobLogTemplateModel_JobSeekingStatus,details_JobLogTemplateModel_Title,details_JobLogTemplateModel_IsApplicationSourceRequired,details_JobLogTemplateModel_ApplicationSource,details_JobLogTemplateModel_IsWeeklyWorkTimeRequired,details_JobLogTemplateModel_WeeklyWorkTime,details_JobLogTemplateModel_HoursPerWeek,details_JobLogTemplateModel_JobnetJobPostingIdentifier,details_JobLogTemplateModel_JobAdDocument_Title,details_JobLogTemplateModel_JobAdDocument_Identifier,details_JobLogTemplateModel_JobAdDocument_IsDeletedBySystem,details_JobLogTemplateModel_JobAdDocument_IsDeletedByUser,details_JobLogTemplateModel_JobAdFile,details_JobLogTemplateModel_Company_JobLogEntryCategory,details_JobLogTemplateModel_Company_ShowAddressFieldsEvenIfEmpty,details_JobLogTemplateModel_Company_Name,details_JobLogTemplateModel_Company_Address,details_JobLogTemplateModel_Company_Country,details_JobLogTemplateModel_Company_EmploymentAreaID,details_JobLogTemplateModel_Company_PostCode,details_JobLogTemplateModel_Company_IsCountryAndTownAndPostCodeEmpty,details_JobLogTemplateModel_Company_IsTownAndPostCodeEmpty,details_JobLogTemplateModel_Company_IsCountryDanmark,details_JobLogTemplateModel_Company_Town,details_JobLogTemplateModel_Company_ContactPerson,details_JobLogTemplateModel_Company_Phone,details_JobLogTemplateModel_Company_Email,details_JobLogTemplateModel_Company_Latitude,details_JobLogTemplateModel_Company_Longitude,details_JobLogTemplateModel_Company_DailyTravelTimeInMinutes,details_JobLogTemplateModel_Company_DistanceToCompanyInMeters,details_JobLogTemplateModel_Company_IsCreateMode,details_JobLogTemplateModel_TypeOfSubmission,details_JobLogTemplateModel_SubmissionDate,details_JobLogTemplateModel_SubmissionDateFormatted,details_JobLogTemplateModel_SubmissionDateTiks,details_JobLogTemplateModel_IsSubmissionDateRequired,details_JobLogTemplateModel_Status,details_JobLogTemplateModel_DateCreatedFormatted,details_JobLogTemplateModel_DateCreated,details_JobLogTemplateModel_DateModifiedFormatted,details_JobLogTemplateModel_DateModified,details_JobLogTemplateModel_LastModifiedDateTiks,details_JobLogTemplateModel_DateClosed,details_JobLogTemplateModel_JobApplicationDocument_Title,details_JobLogTemplateModel_JobApplicationDocument_Identifier,details_JobLogTemplateModel_JobApplicationDocument_IsDeletedBySystem,details_JobLogTemplateModel_JobApplicationDocument_IsDeletedByUser,details_JobLogTemplateModel_CvDocument_Title,details_JobLogTemplateModel_CvDocument_Identifier,details_JobLogTemplateModel_CvDocument_IsDeletedBySystem,details_JobLogTemplateModel_CvDocument_IsDeletedByUser,details_JobLogTemplateModel_JobApplicationFile,details_JobLogTemplateModel_CvFile,details_JobLogTemplateModel_SubmissionDeadlineDate,details_JobLogTemplateModel_IsPersisted,details_JobLogTemplateModel_ServerValidationErrors,details_JobLogTemplateModel_HasServerValidationErrors,details_JoblogWorkTime_WorkHour,details_JoblogWorkTime_DailyWorkTime,details_Place,details_OpenPrintDialog,details_WorkPlaceInfoText,details_JobCenterContactDetails,details_WorkPlaceDescriptionText,details_FavoriteText,details_IsFavorite,details_ShowFavorite,details_MetaOgTextForSharing,details_DescriptionForSharing,details_TitleForSharing,details_RutePlan,details_FormattedPurpose,details_MapUrl,details_OrganizationNumber,details_ShowSearchJobButton,details_ShowPrint,details_BackToFindWorkButtonUrl,isExternal,text_preprocessed,details_JobPositionPosting_OriginalJppId,details_JobPositionPosting_JobPositionInformation_Occupation_Id,details_JobPositionPosting_ContactAuthorityPhoneNumber_Number,details_JobPositionPosting_ContactAuthorityPhoneNumber_Type,details_JobPositionPosting_ContactAuthorityPhoneNumber_Description,summary_Location,details_JobPositionPosting_RecruitingCompany_Name,details_JobPositionPosting_RecruitingCompany_Address_AddressLine,details_JobPositionPosting_RecruitingCompany_Address_Country_Id,details_JobPositionPosting_RecruitingCompany_Address_Country_Name,details_JobPositionPosting_RecruitingCompany_Address_Municipality_Id,details_JobPositionPosting_RecruitingCompany_Address_Municipality_Name,details_JobPositionPosting_RecruitingCompany_Address_Region_Id,details_JobPositionPosting_RecruitingCompany_Address_Region_Name,details_JobPositionPosting_RecruitingCompany_Address_PostalCode,details_JobPositionPosting_RecruitingCompany_Address_City,details_JobPositionPosting_RecruitingCompany_PhoneNumber_Number,details_JobPositionPosting_RecruitingCompany_PhoneNumber_Type,details_JobPositionPosting_RecruitingCompany_PhoneNumber_Description,details_JobPositionPosting_RecruitingCompany_FaxNumber,details_JobPositionPosting_RecruitingCompany_Email,details_JobPositionPosting_RecruitingCompany_WebAddress,details_JobPositionPosting_RecruitingCompany_Description,details_JobPositionPosting_RecruitingCompany_Logo,details_JobPositionPosting_RecruitingCompany_WorkPlaceOrganizationNumber,details_JobPositionPosting_RecruitingCompany_OrganizationNumber,details_JobPositionPosting_RecruitingCompany_OrganizationDescription,details_JobPositionPosting_RecruitingCompany_Address_Region,details_JobPositionPosting_RecruitingCompany_Address,details_JobPositionPosting_RecruitingCompany_PhoneNumber,details_JobPositionPosting_HiringOrg
0,False,1,Træd speederen i bund og bliv teknisk rådgiver hos Frimann Hansen Automobiler I Slagelse,Træd speederen i bund og bliv teknisk rådgiver hos Frimann Hansen Automobiler I Slagelse,"Elsker du biler, og brænder du for kvalitetsarbejde og godt teamwork? 
Bliv en uundværlig del af vores engagerede værkstedsteam og vær med til at sikre, at vores",Frimann Hansen Automobiler A/S,Skovsøviadukten 1B  ,4200.0,Slagelse,False,False,False,True,2025-01-07T00:00:00,2025-02-23T00:00:00,23. februar 2025,0001-01-01T00:00:00,False,False,https://job.jobnet.dk/CV/FindWork/Details/0f9e1b23-36d3-4b1f-ad45-fbfb1cb02e89,Øvrige Sjælland,Slagelse,Danmark,4200.0,,Almindelige vilkår,Fastansættelse,Fuldtid,"Jern, metal og auto","Mekanikerarbejde, transport",Automekaniker,55.4089,11.3714,,,1030687937,,21239240,False,False,https://job.jobnet.dk/CV/FindWork/DetailsSocialmedia/0f9e1b23-36d3-4b1f-ad45-fbfb1cb02e89,https://job.jobnet.dk/CV/FindWork/Details/0f9e1b23-36d3-4b1f-ad45-fbfb1cb02e89,https://job.jobnet.dk/CV/FindWork/Details/0f9e1b23-36d3-4b1f-ad45-fbfb1cb02e89,True,0f9e1b23-36d3-4b1f-ad45-fbfb1cb02e89,55.4089,11.3714,"{'Id': 1, 'Name': 'Fuldtid'}, {'Id': 16, 'Name': 'Deltid'}","{'Id': 1, 'Name': 'Almindelige vilkår'}, {'Id': 2, 'Name': 'Fleksjob'}, {'Id': 3, 'Name': 'Skånejob'}, {'Id': 4, 'Name': 'Egnet til efterlønnere og seniorer'}, {'Id': 5, 'Name': 'Job med løntilskud'}, {'Id': 6, 'Name': 'Rotationsjob'}, {'Id': 7, 'Name': 'Virksomhedspraktik'}","{'Id': 1, 'Name': 'Fastansættelse'}, {'Id': 16, 'Name': 'Tidsbegrænset ansættelse'}",Frimann Hansen Automobiler A/S,Skovsøviadukten 1B,58,Danmark,330,Slagelse,4,"Hovedstaden, Sjælland og Bornholm",4200.0,Slagelse,44143968,0,Primary,,tro@frimann-hansen.dk,,,,1030687937.0,21239240.0,,0f9e1b23-36d3-4b1f-ad45-fbfb1cb02e89,Frimann Hansen Automobiler A/S,Skovsøviadukten 1B,58.0,Danmark,330.0,Slagelse,4.0,"Hovedstaden, Sjælland og Bornholm",4200.0,Slagelse,44143968,0.0,Primary,,tro@frimann-hansen.dk,,,,1030687937.0,21239240.0,,,2025-01-07T00:00:00+01:00,2025-02-23T08:14:37+01:00,Træd speederen i bund og bliv teknisk rådgiver hos Frimann Hansen Automobiler I Slagelse,"Elsker du biler, og brænder du for kvalitetsarbejde og godt teamwork?  
 Bliv en uundværlig del af vores engagerede værkstedsteam og vær med til at sikre, at vores kunders biler altid kører optimalt. Vi tilbyder dig en spændende hverdag fyldt med fede udfordringer, og en arbejdsplads hvor kvalitet og kollegialt sammenhold går hånd i hånd. 
 Hvad kan du forvente i din rolle hos os? 
 
 Service og vedligeholdelse : Rådgivning og teknisk arbejde med både person- og erhvervsbiler, herunder også avancerede hybrid og elbiler. 
 Dybdegående fejlsøgning : Udføre grundig diagnosticering samt reparation på person- og erhvervsbiler. 
 Dynamisk miljø : Bidrag til sikkerheden på vejene og vær en aktiv del af vores stærke team. 
 Teamwork:  Deltag aktivt i vores fælles rejse mod fortsat succes og udvikling. 
 
 Hvem er du? 
 
   Uddannet tekniker : Du er mekaniker, og gerne Stellantis tekniker/teknisk rådgiver uddannet på Peugeot/Citroën eller Opel, det er dog ikke et krav. 
 Kvalitetsbevidst:  Du leverer altid høj kvalitet og sætter kundetilfredshed i højsædet. 
 Udviklingsorienteret:  Du er nysgerrig på ny teknologi og ønsker at videreudvikle dine færdigheder. 
 Teknisk forståelse:  Du har en stærk teknisk forståelse for moderne biler og mekaniske systemer. 
 Teamplayer:  Du er en teamplayer, der vægter godt samarbejde og bidrager positivt til den gode stemning og effektivitet. 
 
 Vi tilbyder: 
 
 Dynamisk arbejdsmiljø:  Et positivt og energisk team og en hverdag fyldt med tekniske udfordringer. 
 Kontinuerlig udvikling:  Skræddersyede uddannelsesplan og mulighed for personlig og faglig udvikling 
 Konkurrencedygtig løn : Attraktive lønforhold, bonusordning, fritvalgsordning, pensionsordning, sundhedsforsikring og andre medarbejderfordele. 
 Passioneret team : Et team af dedikerede kollegaer, der deler din passion for biler. 
 Sundt arbejdsmiljø:  En arbejdsplads, som prioriterer trivsel og en positiv arbejdskultur. 
 
 Er du interesseret, så send en kort ansøgning til Værkstedschef Tonni Busk på mail:  tro@frimann-hansen.dk  Vi ser frem til at høre fra dig! Samtaler afholdes løbende og ansættelse hurtigst muligt. 
 Frimann Hansen Automobiler har filialer i Nykøbing F, Næstved, Vordingborg, Ringsted og Slagelse. Samlet repræsenterer vi mærkerne Hyundai, Citroen, Fiat, Ford, Suzuki, Opel, Peugeot, Mitsubishi, Hongqi og Voyah. Vi er en virksomhed i rivende udvikling, som absolut ser muligheder frem for begrænsninger. Vi mener at vores medarbejdere er vores absolut vigtigste ressource, og derfor er trivsel og et sundt arbejdsmiljø med plads til alle, noget vi værner ekstra godt om og prioriterer højt!",Skovsøviadukten 1B,58,Danmark,330,Slagelse,4,"Hovedstaden, Sjælland og Bornholm",4200.0,Slagelse,1,1,Fuldtid,,,1,"{'DriversLicenceType': 3, 'Name': 'Almindelig bil', 'Description': ''}",Automekaniker,0,"Automekaniker med speciale i opretning af motorer, Vejhjælpsmekaniker, Restaurator af køretøjer, Montør af motorkøretøjer, Montør af motorer til motorkøretøjer, Montør af dele til motorkøretøjer, Dieselmotormekaniker, Bremsespecialist, Bilinspektør, 402, 403, 404, 405, 406, 407",0,0,False,"{'Email': 'tro@frimann-hansen.dk', 'PersonName': 'Tonni Busk Rothejsen', 'FirstName': 'Tonni', 'LastName': 'Busk Rothejsen', 'PositionTitle': 'Værkstedschef', 'PhoneNumbers': [{'Number': '44143968', 'Type': 0, 'Description': 'Primary'}]}",,False,False,False,False,4,,,False,False,False,False,False,False,,,tro@frimann-hansen.dk,44143968,,False,2025-02-23T00:00:00+01:00,7,/CV/FindWork/GetLogo?JobAdId=0f9e1b23-36d3-4b1f-ad45-fbfb1cb02e89&Organisation=21239240,"Skovsøviadukten 1B,4200, Slagelse",True,False,/CV/Jobseeking/JobLog/CreateJobSearch?JobnetJobPostingIdentifier=0f9e1b23-36d3-4b1f-ad45-fbfb1cb02e89&Company.Name=Frimann Hansen Automobiler A/S&SubmissionDeadlineDate=2025-2-23&Title=Træd speederen i bund og bliv teknisk rådgiver hos Frimann Hansen Automobiler I Slagelse&WeeklyWorkTime=1,00000000-0000-0000-0000-000000000000,True,0,,,Træd speederen i bund og bliv teknisk rådgiver hos Frimann Hansen Automobiler I Slagelse,True,,True,1,,0f9e1b23-36d3-4b1f-ad45-fbfb1cb02e89,,,False,False,,0,False,Frimann Hansen Automobiler A/S,Skovsøviadukten 1B,,,4200.0,False,False,False,Slagelse,Tonni Busk Rothejsen,44143968,tro@frimann-hansen.dk,,,,,False,,2025-02-23T00:00:00+01:00,,0,False,0,,,,,0,,,,False,False,,,False,False,,,,False,,False,,,Arbejdspladsen ligger i Slagelse kommune,False,Frimann Hansen Automobiler A/S,,,,False,False,"Elsker du biler, og brænder du for kvalitetsarbejde og godt teamwork? 
Bliv en uundværlig del af vores engagerede værkstedsteam og vær med til at sikre, at vores kunders biler altid kører optimalt. Vi tilbyder dig en spændende hverdag fyldt med fede udfordringer, og en arbejdsplads hvor kvalitet og kollegialt sammenhold går hånd i hånd.
Hvad kan du","""Elsker du biler, og brænder du for kvalitetsarbejde og godt teamwork? \nBliv en uundværlig del af vores engagerede værkstedsteam og vær med til at sikre, at vores kunders biler altid kører optimalt. Vi tilbyder dig en spændende hverdag fyldt med fede udfordringer, og en arbejdsplads hvor kvalitet og kollegialt sammenhold går hånd i hånd.\nHvad kan du""","""Træd speederen i bund og bliv teknisk rådgiver hos Frimann Hansen Automobiler I Slagelse""","https://www.google.dk/maps/dir//Skovsøviadukten+1B,4200,+Slagelse/","Elsker du biler, og brænder du for kvalitetsarbejde og godt teamwork?  
 Bliv en uundværlig del af vores engagerede værkstedsteam og vær med til at sikre, at vores kunders biler altid kører optimalt. Vi tilbyder dig en spændende hverdag fyldt med fede udfordringer, og en arbejdsplads hvor kvalitet og kollegialt sammenhold går hånd i hånd. 
 Hvad kan du forvente i din rolle hos os? 
 
 Service og vedligeholdelse : Rådgivning og teknisk arbejde med både person- og erhvervsbiler, herunder også avancerede hybrid og elbiler. 
 Dybdegående fejlsøgning : Udføre grundig diagnosticering samt reparation på person- og erhvervsbiler. 
 Dynamisk miljø : Bidrag til sikkerheden på vejene og vær en aktiv del af vores stærke team. 
 Teamwork:  Deltag aktivt i vores fælles rejse mod fortsat succes og udvikling. 
 
 Hvem er du? 
 
   Uddannet tekniker : Du er mekaniker, og gerne Stellantis tekniker/teknisk rådgiver uddannet på Peugeot/Citroën eller Opel, det er dog ikke et krav. 
 Kvalitetsbevidst:  Du leverer altid høj kvalitet og sætter kundetilfredshed i højsædet. 
 Udviklingsorienteret:  Du er nysgerrig på ny teknologi og ønsker at videreudvikle dine færdigheder. 
 Teknisk forståelse:  Du har en stærk teknisk forståelse for moderne biler og mekaniske systemer. 
 Teamplayer:  Du er en teamplayer, der vægter godt samarbejde og bidrager positivt til den gode stemning og effektivitet. 
 
 Vi tilbyder: 
 
 Dynamisk arbejdsmiljø:  Et positivt og energisk team og en hverdag fyldt med tekniske udfordringer. 
 Kontinuerlig udvikling:  Skræddersyede uddannelsesplan og mulighed for personlig og faglig udvikling 
 Konkurrencedygtig løn : Attraktive lønforhold, bonusordning, fritvalgsordning, pensionsordning, sundhedsforsikring og andre medarbejderfordele. 
 Passioneret team : Et team af dedikerede kollegaer, der deler din passion for biler. 
 Sundt arbejdsmiljø:  En arbejdsplads, som prioriterer trivsel og en positiv arbejdskultur. 
 
 Er du interesseret, så send en kort ansøgning til Værkstedschef Tonni Busk på mail:  tro@frimann-hansen.dk  Vi ser frem til at høre fra dig! Samtaler afholdes løbende og ansættelse hurtigst muligt. 
 Frimann Hansen Automobiler har filialer i Nykøbing F, Næstved, Vordingborg, Ringsted og Slagelse. Samlet repræsenterer vi mærkerne Hyundai, Citroen, Fiat, Ford, Suzuki, Opel, Peugeot, Mitsubishi, Hongqi og Voyah. Vi er en virksomhed i rivende udvikling, som absolut ser muligheder frem for begrænsninger. Vi mener at vores medarbejdere er vores absolut vigtigste ressource, og derfor er trivsel og et sundt arbejdsmiljø med plads til alle, noget vi værner ekstra godt om og prioriterer højt!","https://www.google.dk/maps/place/Skovsøviadukten+1B,4200,+Slagelse/",21239240.0,False,False,,False,"elsker du biler, og brænder du for kvalitetsarbejde og godt teamwork? bliv en uundværlig del af vores engagerede værkstedsteam og vær med til at sikre, at vores kunders biler altid kører optimalt. vi tilbyder dig en spændende hverdag fyldt med fede udfordringer, og en arbejdsplads hvor kvalitet og kollegialt sammenhold går hånd i hånd. hvad kan du forvente i din rolle hos os? service og vedligeholdelse : rådgivning og teknisk arbejde med både person- og erhvervsbiler, herunder også avancerede hybrid og elbiler. dybdegående fejlsøgning : udføre grundig diagnosticering samt reparation på person- og erhvervsbiler. dynamisk miljø : bidrag til sikkerheden på vejene og vær en aktiv del af vores stærke team. teamwork: deltag aktivt i vores fælles rejse mod fortsat succes og udvikling. hvem er du? uddannet tekniker : du er mekaniker, og gerne stellantis tekniker/teknisk rådgiver uddannet på peugeot/citroën eller opel, det er dog ikke et krav. kvalitetsbevidst: du leverer altid høj kvalitet og sætter kundetilfredshed i højsædet. udviklingsorienteret: du er nysgerrig på ny teknologi og ønsker at videreudvikle dine færdigheder. teknisk forståelse: du har en stærk teknisk forståelse for moderne biler og mekaniske systemer. teamplayer: du er en teamplayer, der vægter godt samarbejde og bidrager positivt til den gode stemning og effektivitet. vi tilbyder: dynamisk arbejdsmiljø: et positivt og energisk team og en hverdag fyldt med tekniske udfordringer. kontinuerlig udvikling: skræddersyede uddannelsesplan og mulighed for personlig og faglig udvikling konkurrencedygtig løn : attraktive lønforhold, bonusordning, fritvalgsordning, pensionsordning, sundhedsforsikring og andre medarbejderfordele. passioneret team : et team af dedikerede kollegaer, der deler din passion for biler. sundt arbejdsmiljø: en arbejdsplads, som prioriterer trivsel og en positiv arbejdskultur. er du interesseret, så send en kort ansøgning til værkstedschef tonni busk på mail: tro@frimann-hansen.dk vi ser frem til at høre fra dig! samtaler afholdes løbende og ansættelse hurtigst muligt. frimann hansen automobiler har filialer i nykøbing f, næstved, vordingborg, ringsted og slagelse. samlet repræsenterer vi mærkerne hyundai, citroen, fiat, ford, suzuki, opel, peugeot, mitsubishi, hongqi og voyah. vi er en virksomhed i rivende udvikling, som absolut ser muligheder frem for begrænsninger. vi mener at vores medarbejdere er vores absolut vigtigste ressource, og derfor er trivsel og et sundt arbejdsmiljø med plads til alle, noget vi værner ekstra godt om og prioriterer højt!",,,,,,,,,,,,,,,,,,,,,,,,,,,,,,,
0,False,1,LindbergHR søger regnskabskonsulent med et par års erfaring - til stilling hos BDO,LindbergHR søger regnskabskonsulent med et par års erfaring - til stilling hos BDO,"BDO er en af Danmarks største rådgivnings- og revisionsvirksomhed og servicerer både danske og internationale kunder.  Virksomheden er kendetegnet ved høj jobtilfredshed, tillid, fleksibilitet og s",LINDBERGHR ApS,,1561.0,København V,True,False,False,False,2022-05-06T00:00:00,2022-07-01T00:00:00,1. juli 2022,0001-01-01T00:00:00,False,False,https://job.jobnet.dk/CV/FindWork/Details/5592784,Hovedstaden og Bornholm,København,Danmark,1561.0,,,,Fuldtid,"Kontor, administration, regnskab og finans",Bogholderi- og regnskabsarbejde,Bogholderi- og regnskabsassistent,55.6609,12.5624,,Dag,102970,93780.0,34226555,False,False,https://job.jobnet.dk/CV/FindWork/DetailsSocialmedia/5592784,https://job.jobnet.dk/CV/FindWork/Details/5592784,https://job.jobnet.dk/CV/FindWork/Details/5592784,True,5592784,55.6609,12.5624,"{'Id': 1, 'Name': 'Fuldtid'}, {'Id': 16, 'Name': 'Deltid'}","{'Id': 1, 'Name': 'Almindelige vilkår'}, {'Id': 2, 'Name': 'Fleksjob'}, {'Id': 3, 'Name': 'Skånejob'}, {'Id': 4, 'Name': 'Egnet til efterlønnere og seniorer'}, {'Id': 5, 'Name': 'Job med løntilskud'}, {'Id': 6, 'Name': 'Rotationsjob'}, {'Id': 7, 'Name': 'Virksomhedspraktik'}","{'Id': 1, 'Name': 'Fastansættelse'}, {'Id': 16, 'Name': 'Tidsbegrænset ansættelse'}",LINDBERGHR ApS,Egå Havvej 21,58,Danmark,751,Aarhus,2,Midtjylland,8250.0,Egå,,0,Primary,,,,,102970.0,1017469734.0,34226555.0,,5592784,LINDBERGHR ApS,Egå Havvej 21,58.0,Danmark,751.0,Aarhus,2.0,Midtjylland,8250.0,Egå,,0.0,Primary,,,,,102970.0,1017469734.0,34226555.0,,,2022-05-06T00:00:00,2022-07-01T00:00:00,LindbergHR søger regnskabskonsulent med et par års erfaring - til stilling hos BDO,"BDO er en af Danmarks største rådgivnings- og revisionsvirksomhed og servicerer både danske og internationale kunder.  Virksomheden er kendetegnet ved høj jobtilfredshed, tillid, fleksibilitet og spændende arbejdsopgaver. 
 BDO har mere end 1200 medarbejdere i Danmark, heraf 116 placeret på kontoret på Havneholmen. 
 Om jobbet: 
 Du indgår i et mindre team af seks hjælpsomme og dygtige kolleger, hvor I samarbejder om at servicere kunder inden for bogføring, afstemning, controlling, opstilling af regnskaber mv. 
 Din nærmeste leder sidder også med lignende arbejdsopgaver og hun tilsigter, at du løbende får opgaver, der udfordrer dig i tilstrækkelig grad. Som nyansat i BDO vil du også få en mentor tilknyttet, som du kan sparre med. 
 Arbejdsopgaverne vil bl.a. være: 
 
 Debitor- og kreditorstyring 
 Finansbogføring og Månedsafslutning 
 Bankafstemning 
 Afstemninger og klargøring til revisor 
 Den bogføringsmæssige del af lønadministration 
 
 Faglige kvalifikationer: 
 
 Du har minimum et par års erfaring, (medregn eventuel elevtid) og er formentlig regnskabsuddannet evt. tidligere finanselev, finanstrainee, økonomaassistent, controller eller lignende 
 Såfremt du har erfaring med den eksterne rolle - hvor du udfører arbejdsopgaverne på vegne af kunder, vil det være en fordel – men bemærk: det er IKKE et krav 
 Du har erfaring med bogføring, debitorer, kreditorer, moms, løn, rapportering mv. 
 Du er erfaren bruger af Excel. 
 Du er velformuleret på dansk og engelsk – såvel mundtligt som skriftligt 
 
 Personlige egenskaber: 
 
 Du kan holde overblik over mange forskellige opgaver og deadlines 
 Du kan opretholde en høj kvalitet i arbejdet, også når der er travlt 
 Du sætter en ære i at levere god service med et smil til dine kunder og kolleger 
 Du arbejder systematisk, struktureret og selvstændigt, men forstår vigtigheden af at samarbejde med dine kolleger 
 Du følger op på dine arbejdsopgaver og sikrer, at tingene bliver løst 
 
 Du tilbydes: 
 
 En attraktiv virksomhed med gode kolleger og en leder, der uddelegerer ansvar og giver plads til, at du selv løser opgaverne, og forventer at du siger til, hvis du har behov for sparring og/eller hjælp 
 Stillingen er som udgangspunkt på 37 timer og du får betaling for evt. overarbejde. BDO er IKKE en arbejdsplads, hvor du får en større stjerne af ´at sidde og hænge mange timer´. Det er din indstilling, dit gå på mod og de resultater, du skaber, du vurderes på 
 For at sikre samarbejde og læring vil arbejdet som udgangspunkt foregå på arbejdspladsen, men der er mulighed for hjemmearbejde i den udstrækning, arbejdsopgaverne tillader dette og med hensyntagen til samarbejdet med dine kollegaer 
 Du planlægger selv dine arbejdsopgaver, og du har stor fleksibilitet i forhold til arbejdstid – vi forventer omvendt også at fleksibiliteten er gensidig - da der indimellem kan blive behov for fleksibilitet fra dig i perioder med spidsbelastning 
 En attraktiv kantineordning, sundhedsforsikring, fri parkering mv. 
 
 Arbejdspladsens beliggenhed:  Havneholmen 29, 1561 København V. 
 Ansættelsestidspunkt:  Snarest – men vi har tid til at vente på den rette kandidat. 
 Ansøgningsfrist:  
 Kandidater indkaldes løbende til interview, hvorfor du venligst bedes fremsende din ansøgning snarest. Alle ansøgninger behandles med fuld diskretion. 
 Vil du vide mere? 
 På vegne af BDO varetager LindbergHR rekrutteringsprocessen. Du er meget velkommen til at kontakte Carsten Lindberg Hartvigsen fra LindbergHR på tlf. 41813400, såfremt du har konkrete spørgsmål til stillingen. 
 Hvordan kommer du videre? 
 Upload straks dit CV og evt. en ansøgning via nedenstående link: 
 https://www.lindberghr.dk/stillinger/?hr=show-job%2F90488%26locale%3Dda_DK 
 Vi ser frem til at høre fra dig og beder dig oplyse i din ansøgning, hvor du har set vores annonce. 
 Indkomne ansøgninger vil løbende blive gennemgået, og annoncen vil blive slettet, når stillingen er besat.",,58,Danmark,101,København,4,"Hovedstaden, Sjælland og Bornholm",1561.0,København V,1,1,Fuldtid,,,1,,,0,,0,0,False,"{'Id': 7967776, 'Email': None, 'FaxNumber': None, 'PersonName': 'Carsten Lindberg Hartvigsen', 'FirstName': 'Carsten Lindberg', 'LastName': 'Hartvigsen', 'PositionTitle': 'Direktør / Indehaver', 'PhoneNumbers': [{'Number': '41813400', 'Type': 0, 'Description': 'Hovednummer'}]}",,False,False,False,False,4,,,False,False,False,True,,,,,,,https://www.lindberghr.dk/stillinger/?hr=show-job%2F90488%26locale%3Dda_DK,False,2022-07-01T00:00:00,7,/CV/FindWork/GetLogo?JobAdId=5592784&WorkPlace=102970&Organisation=34226555,"Egå Havvej 21,8250, Egå",False,False,/CV/Jobseeking/JobLog/CreateJobSearch?JobnetJobPostingIdentifier=5592784&Company.Name=LINDBERGHR ApS&SubmissionDeadlineDate=2022-7-1&Title=LindbergHR søger regnskabskonsulent med et par års erfaring - til stilling hos BDO&WeeklyWorkTime=1,00000000-0000-0000-0000-000000000000,False,0,,,LindbergHR søger regnskabskonsulent med et par års erfaring - til stilling hos BDO,True,,True,1,,5592784,,,False,False,,0,False,LINDBERGHR ApS,Egå Havvej 21,,,8250.0,False,False,False,Egå,Carsten Lindberg Hartvigsen,41813400,,,,,,False,,2022-07-01T00:00:00,,0,False,0,,,,,0,,,,False,False,,,False,False,,,,False,,False,,Dag,Arbejdspladsen ligger i København kommune,False,LINDBERGHR ApS,,,,False,False,"BDO er en af Danmarks st&oslash;rste r&aring;dgivnings- og revisionsvirksomhed og servicerer b&aring;de danske og internationale kunder. Virksomheden er kendetegnet ved h&oslash;j jobtilfredshed, tillid, fleksibilitet og sp&aelig;ndende arbejdsopgaver.
BDO har mere end 1200 medarbejdere i Danmark, heraf 116 placeret p&aring; kontoret p&aring; Havne","""BDO er en af Danmarks st\u0026oslash;rste r\u0026aring;dgivnings- og revisionsvirksomhed og servicerer b\u0026aring;de danske og internationale kunder. Virksomheden er kendetegnet ved h\u0026oslash;j jobtilfredshed, tillid, fleksibilitet og sp\u0026aelig;ndende arbejdsopgaver.\nBDO har mere end 1200 medarbejdere i Danmark, heraf 116 placeret p\u0026aring; kontoret p\u0026aring; Havne""","""LindbergHR søger regnskabskonsulent med et par års erfaring - til stilling hos BDO""","https://www.google.dk/maps/dir//Egå+Havvej+21,8250,+Egå/","BDO er en af Danmarks største rådgivnings- og revisionsvirksomhed og servicerer både danske og internationale kunder.  Virksomheden er kendetegnet ved høj jobtilfredshed, tillid, fleksibilitet og spændende arbejdsopgaver. 
 BDO har mere end 1200 medarbejdere i Danmark, heraf 116 placeret på kontoret på Havneholmen. 
 Om jobbet: 
 Du indgår i et mindre team af seks hjælpsomme og dygtige kolleger, hvor I samarbejder om at servicere kunder inden for bogføring, afstemning, controlling, opstilling af regnskaber mv. 
 Din nærmeste leder sidder også med lignende arbejdsopgaver og hun tilsigter, at du løbende får opgaver, der udfordrer dig i tilstrækkelig grad. Som nyansat i BDO vil du også få en mentor tilknyttet, som du kan sparre med. 
 Arbejdsopgaverne vil bl.a. være: 
 
 Debitor- og kreditorstyring 
 Finansbogføring og Månedsafslutning 
 Bankafstemning 
 Afstemninger og klargøring til revisor 
 Den bogføringsmæssige del af lønadministration 
 
 Faglige kvalifikationer: 
 
 Du har minimum et par års erfaring, (medregn eventuel elevtid) og er formentlig regnskabsuddannet evt. tidligere finanselev, finanstrainee, økonomaassistent, controller eller lignende 
 Såfremt du har erfaring med den eksterne rolle - hvor du udfører arbejdsopgaverne på vegne af kunder, vil det være en fordel – men bemærk: det er IKKE et krav 
 Du har erfaring med bogføring, debitorer, kreditorer, moms, løn, rapportering mv. 
 Du er erfaren bruger af Excel. 
 Du er velformuleret på dansk og engelsk – såvel mundtligt som skriftligt 
 
 Personlige egenskaber: 
 
 Du kan holde overblik over mange forskellige opgaver og deadlines 
 Du kan opretholde en høj kvalitet i arbejdet, også når der er travlt 
 Du sætter en ære i at levere god service med et smil til dine kunder og kolleger 
 Du arbejder systematisk, struktureret og selvstændigt, men forstår vigtigheden af at samarbejde med dine kolleger 
 Du følger op på dine arbejdsopgaver og sikrer, at tingene bliver løst 
 
 Du tilbydes: 
 
 En attraktiv virksomhed med gode kolleger og en leder, der uddelegerer ansvar og giver plads til, at du selv løser opgaverne, og forventer at du siger til, hvis du har behov for sparring og/eller hjælp 
 Stillingen er som udgangspunkt på 37 timer og du får betaling for evt. overarbejde. BDO er IKKE en arbejdsplads, hvor du får en større stjerne af ´at sidde og hænge mange timer´. Det er din indstilling, dit gå på mod og de resultater, du skaber, du vurderes på 
 For at sikre samarbejde og læring vil arbejdet som udgangspunkt foregå på arbejdspladsen, men der er mulighed for hjemmearbejde i den udstrækning, arbejdsopgaverne tillader dette og med hensyntagen til samarbejdet med dine kollegaer 
 Du planlægger selv dine arbejdsopgaver, og du har stor fleksibilitet i forhold til arbejdstid – vi forventer omvendt også at fleksibiliteten er gensidig - da der indimellem kan blive behov for fleksibilitet fra dig i perioder med spidsbelastning 
 En attraktiv kantineordning, sundhedsforsikring, fri parkering mv. 
 
 Arbejdspladsens beliggenhed:  Havneholmen 29, 1561 København V. 
 Ansættelsestidspunkt:  Snarest – men vi har tid til at vente på den rette kandidat. 
 Ansøgningsfrist:  
 Kandidater indkaldes løbende til interview, hvorfor du venligst bedes fremsende din ansøgning snarest. Alle ansøgninger behandles med fuld diskretion. 
 Vil du vide mere? 
 På vegne af BDO varetager LindbergHR rekrutteringsprocessen. Du er meget velkommen til at kontakte Carsten Lindberg Hartvigsen fra LindbergHR på tlf. 41813400, såfremt du har konkrete spørgsmål til stillingen. 
 Hvordan kommer du videre? 
 Upload straks dit CV og evt. en ansøgning via nedenstående link: 
 https://www.lindberghr.dk/stillinger/?hr=show-job%2F90488%26locale%3Dda_DK 
 Vi ser frem til at høre fra dig og beder dig oplyse i din ansøgning, hvor du har set vores annonce. 
 Indkomne ansøgninger vil løbende blive gennemgået, og annoncen vil blive slettet, når stillingen er besat.","https://www.google.dk/maps/place/Egå+Havvej+21,8250,+Egå/",34226555.0,False,False,,False,"bdo er en af danmarks største rådgivnings- og revisionsvirksomhed og servicerer både danske og internationale kunder. virksomheden er kendetegnet ved høj jobtilfredshed, tillid, fleksibilitet og spændende arbejdsopgaver. bdo har mere end 1200 medarbejdere i danmark, heraf 116 placeret på kontoret på havneholmen. om jobbet: du indgår i et mindre team af seks hjælpsomme og dygtige kolleger, hvor i samarbejder om at servicere kunder inden for bogføring, afstemning, controlling, opstilling af regnskaber mv. din nærmeste leder sidder også med lignende arbejdsopgaver og hun tilsigter, at du løbende får opgaver, der udfordrer dig i tilstrækkelig grad. som nyansat i bdo vil du også få en mentor tilknyttet, som du kan sparre med. arbejdsopgaverne vil bl.a. være: debitor- og kreditorstyring finansbogføring og månedsafslutning bankafstemning afstemninger og klargøring til revisor den bogføringsmæssige del af lønadministration faglige kvalifikationer: du har minimum et par års erfaring, (medregn eventuel elevtid) og er formentlig regnskabsuddannet evt. tidligere finanselev, finanstrainee, økonomaassistent, controller eller lignende såfremt du har erfaring med den eksterne rolle - hvor du udfører arbejdsopgaverne på vegne af kunder, vil det være en fordel – men bemærk: det er ikke et krav du har erfaring med bogføring, debitorer, kreditorer, moms, løn, rapportering mv. du er erfaren bruger af excel. du er velformuleret på dansk og engelsk – såvel mundtligt som skriftligt personlige egenskaber: du kan holde overblik over mange forskellige opgaver og deadlines du kan opretholde en høj kvalitet i arbejdet, også når der er travlt du sætter en ære i at levere god service med et smil til dine kunder og kolleger du arbejder systematisk, struktureret og selvstændigt, men forstår vigtigheden af at samarbejde med dine kolleger du følger op på dine arbejdsopgaver og sikrer, at tingene bliver løst du tilbydes: en attraktiv virksomhed med gode kolleger og en leder, der uddelegerer ansvar og giver plads til, at du selv løser opgaverne, og forventer at du siger til, hvis du har behov for sparring og/eller hjælp stillingen er som udgangspunkt på 37 timer og du får betaling for evt. overarbejde. bdo er ikke en arbejdsplads, hvor du får en større stjerne af ́at sidde og hænge mange timer ́. det er din indstilling, dit gå på mod og de resultater, du skaber, du vurderes på for at sikre samarbejde og læring vil arbejdet som udgangspunkt foregå på arbejdspladsen, men der er mulighed for hjemmearbejde i den udstrækning, arbejdsopgaverne tillader dette og med hensyntagen til samarbejdet med dine kollegaer du planlægger selv dine arbejdsopgaver, og du har stor fleksibilitet i forhold til arbejdstid – vi forventer omvendt også at fleksibiliteten er gensidig - da der indimellem kan blive behov for fleksibilitet fra dig i perioder med spidsbelastning en attraktiv kantineordning, sundhedsforsikring, fri parkering mv. arbejdspladsens beliggenhed: havneholmen 29, 1561 københavn v. ansættelsestidspunkt: snarest – men vi har tid til at vente på den rette kandidat. ansøgningsfrist: kandidater indkaldes løbende til interview, hvorfor du venligst bedes fremsende din ansøgning snarest. alle ansøgninger behandles med fuld diskretion. vil du vide mere? på vegne af bdo varetager lindberghr rekrutteringsprocessen. du er meget velkommen til at kontakte carsten lindberg hartvigsen fra lindberghr på tlf. 41813400, såfremt du har konkrete spørgsmål til stillingen. hvordan kommer du videre? upload straks dit cv og evt. en ansøgning via nedenstående link: https://www.lindberghr.dk/stillinger/?hr=show-job%2f90488%26locale%3dda_dk vi ser frem til at høre fra dig og beder dig oplyse i din ansøgning, hvor du har set vores annonce. indkomne ansøgninger vil løbende blive gennemgået, og annoncen vil blive slettet, når stillingen er besat.",5592784.0,0.0,,0.0,Primary,,,,,,,,,,,,,,,,,,,,,,,,,,
0,False,1,Fængselslærer til institution Sdr. Omme - Sdr. Omme Fængsel - GENOPSLAG,Fængselslærer til institution Sdr. Omme - Sdr. Omme Fængsel - GENOPSLAG,"Institution Sdr. Omme, Sønder Omme Fængsel søger pr. 1. juli 2022 eller snarest muligt derefter en fængselslærer, der er uddannet OBU- og FVU dansklærer på 37 timer.  Vi tilbyder et spændende ",Sdr. Omme Fængsel,Holdgårdsvej 142,7260.0,Sønder Omme,False,False,False,True,2022-05-04T00:00:00,2022-05-22T00:00:00,22. maj 2022,0001-01-01T00:00:00,False,False,https://job.jobnet.dk/CV/FindWork/Details/5566163,Syddanmark,Billund,Danmark,7260.0,,,,Fuldtid,Undervisning og vejledning,Øvrig undervisning,FVU-lærer,55.8325,8.9175,,,51056,47031.0,53383211,False,False,https://job.jobnet.dk/CV/FindWork/DetailsSocialmedia/5566163,https://job.jobnet.dk/CV/FindWork/Details/5566163,https://job.jobnet.dk/CV/FindWork/Details/5566163,True,5566163,55.8325,8.9175,"{'Id': 1, 'Name': 'Fuldtid'}, {'Id': 16, 'Name': 'Deltid'}","{'Id': 1, 'Name': 'Almindelige vilkår'}, {'Id': 2, 'Name': 'Fleksjob'}, {'Id': 3, 'Name': 'Skånejob'}, {'Id': 4, 'Name': 'Egnet til efterlønnere og seniorer'}, {'Id': 5, 'Name': 'Job med løntilskud'}, {'Id': 6, 'Name': 'Rotationsjob'}, {'Id': 7, 'Name': 'Virksomhedspraktik'}","{'Id': 1, 'Name': 'Fastansættelse'}, {'Id': 16, 'Name': 'Tidsbegrænset ansættelse'}",Sdr. Omme Fængsel,Holdgårdsvej 142,58,Danmark,530,Billund,3,Syddanmark,7260.0,Sønder Omme,72553680,0,Primary,,,,,,1003394137.0,53383211.0,,5566163,Sdr. Omme Fængsel,Holdgårdsvej 142,58.0,Danmark,530.0,Billund,3.0,Syddanmark,7260.0,Sønder Omme,72553680,0.0,Primary,,,,,,1003394137.0,53383211.0,,,2022-05-04T00:00:00,2022-05-22T00:00:00,Fængselslærer til institution Sdr. Omme - Sdr. Omme Fængsel - GENOPSLAG,"Institution Sdr. Omme, Sønder Omme Fængsel søger pr. 1. juli 2022 eller snarest muligt derefter en fængselslærer, der er uddannet OBU- og FVU dansklærer på 37 timer.   Vi tilbyder et spændende job med mange udfordringer, ansvar og indflydelse i et miljø, hvor tværfagligt samarbejde er i højsædet.    Fængslets skole hører under beskæftigelsen, hvor der ud over 4 andre fængselslærere også er ansat værkmestre, EUD-undervisere, skolesekretær, pædagogiske medarbejdere, jobkonsulent, erhvervsuddannelseskoordinator samt vejledere, der er ledet af 1 enhedschef og 3 enhedsledere.   Ud over at samarbejde med resten af beskæftigelsesteamet, vil du som fængselslærer også skulle samarbejde med blandt andet betjente og socialrådgivere omkring den indsatte, f.eks. på handleplansmøder.   I fængslet har vi en uddannelsesafdeling, som rummer 25 indsatte, der alle er under uddannelse på et eller andet niveau. Blandt andet har vi en del indsatte, der læser HF og enkelte akademifag via fjernstudie. Her ud over har vi indsatte, der læser AVU, FVU, OBU, EUD og/eller deltager i AMU-kurser i fængslet.   Opgaven  Din kerneopgave vil være testning, undervisning samt understøttelse af de indsatte, der har skriftsproglige vanskeligheder samt udvikling af et relationsstærkt fagligt læringsmiljø, der bygger på en høj grad af differentieret tilgang til de indsatte, og hvor målet er at løfte deres faglige kompetencer samt forberede og motivere til videre uddannelse.   Vi forventer, at du     Er læreruddannet og brænder for at undervise   Har de fornødne PD-moduler, så du også er uddannet OBU- og FVU dansklærer   Ønsker at indgå i et tværfagligt samarbejde med mange forskellige faggrupper   Kan motivere de indsatte til skolegang   Kan lide at arbejde med mennesker og er vedholdende i din tilgang   Kan kommunikere anerkendende og værdsættende    Er psykisk robust, afbalanceret og kan sætte grænser på en ordentlig måde   Er fleksibel, idet hverdagen i et fængsel er evig omskiftelig     Vi forventer også, at du er selvstændig, igangsættende, serviceorienteret og parat til at indgå i en spændende hverdag, hvor opgaven med at bringe de indsatte bedre videre til et liv uden kriminalitet, blandt andet gennem uddannelse, er i centrum. Endelig lægger vi vægt på, at du som person kan og vil støtte op om det gode arbejdsmiljø ved at have godt humør og lyst til at arbejde i teams.   Vi tilbyder     En spændende stilling, hvor der er plads til kreative ideer inden for fængslets rammer   Et uhøjtideligt miljø med plads til humor, men med en respektfuld tone   Et miljø med høj faglighed og ordentlighed   Tværfagligt samarbejde med flere forskellige faggrupper   En ”både og” tankegang, hvor det både er muligt at have fokus på fængslets drift, herunder sikkerhed, og hvor udvikling og forandring også er et fokusområde     Om Institutionen  Sønder Omme Fængsel er et åbent fængsel og en del af Institution Sdr. Omme, og har plads til 222 indsatte og har ca. 140 medarbejdere. Fængslet består af flere selvstændige specialafdelinger og flere almindelige belægsafdelinger. Der vil være samarbejde på tværs af alle afdelinger og med mange faggrupper.   Ansættelsesområdet er kriminalforsorgen og arbejdspladsen er beliggende på Holdgårdsvej 142, 7260 Sdr. Omme.   Løn- og ansættelsesvilkår  Stillingen er til besættelse fra den 1. juli 2022 eller snarest muligt derefter.  Ansættelsen sker i henhold til LC/CO10-fællesoverenskomsten og organisationsaftale for fængselslærere m.fl. samt aftale om Ny løn.   Ansøgning  Ønsker du at søge stillingen så send ansøgning, CV, dokumentation for uddannelse og forudgående erfaring samt andet relevant materiale senest den  22. maj 2022  via knappen  ""søg stillingen.   Har du spørgsmål til stillingen kan du kontakte Enhedschef Ivan Bøjlesen på telefon 7255 3680.   Ønsker du flere oplysninger om Kriminalforsorgen kan du søge på www.kriminalforsorgen.dk   Alle interesserede uanset alder, køn, race, religion eller etniske tilhørsforhold opfordres til at søge stillingen.   En forudsætning for ansættelse i stillingen er, at du, såfremt du indkaldes til samtale, giver dit samtykke til, at Kriminalforsorgen må indhente og vurdere oplysninger om dig i det Centrale Kriminalregister. Hvis du indkaldes til samtale, skal du til samtalen medbringe billedidentifikation f.eks. pas eller kørekort. Inden ansættelse skal vi desuden have modtaget dokumentation for CV, f.eks. ansættelsesbeviser.",Holdgårdsvej 142,58,Danmark,530,Billund,3,Syddanmark,7260.0,Sønder Omme,1,1,Fuldtid,,,1,,,0,,0,0,False,"{'Id': 7959991, 'Email': None, 'FaxNumber': None, 'PersonName': 'Ivan Bøjlesen', 'FirstName': 'Ivan', 'LastName': 'Bøjlesen', 'PositionTitle': None, 'PhoneNumbers': [{'Number': '72553680', 'Type': 0, 'Description': 'Hovednummer'}]}",2022-07-01T00:00:00,False,False,False,False,4,,,False,False,False,False,,,,,,,https://candidate.hr-manager.net/ApplicationInit.aspx?cid=5001&ProjectId=154546&DepartmentId=8536&MediaId=2733&SkipAdvertisement=true,False,2022-05-22T00:00:00,7,/CV/FindWork/GetLogo?JobAdId=5566163&Organisation=53383211,"Holdgårdsvej 142,7260, Sønder Omme",True,False,/CV/Jobseeking/JobLog/CreateJobSearch?JobnetJobPostingIdentifier=5566163&Company.Name=Sdr. Omme Fængsel&SubmissionDeadlineDate=2022-5-22&Title=Fængselslærer til institution Sdr. Omme - Sdr. Omme Fængsel - GENOPSLAG&WeeklyWorkTime=1,00000000-0000-0000-0000-000000000000,False,0,,,Fængselslærer til institution Sdr. Omme - Sdr. Omme Fængsel - GENOPSLAG,True,,True,1,,5566163,,,False,False,,0,False,Sdr. Omme Fængsel,Holdgårdsvej 142,,,7260.0,False,False,False,Sønder Omme,Ivan Bøjlesen,72553680,,,,,,False,,2022-05-22T00:00:00,,0,False,0,,,,,0,,,,False,False,,,False,False,,,,False,,False,,,Arbejdspladsen ligger i Billund kommune,False,Sdr. Omme Fængsel,,,,False,False,"Institution Sdr. Omme, Sønder Omme Fængsel søger pr. 1. juli 2022 eller snarest muligt derefter en fængselslærer, der er uddannet OBU- og FVU dansklærer på 37 timer.  Vi tilbyder et spændende job med mange udfordringer, ansvar og indflydelse i et miljø, hvor tværfagligt samarbejde er i højsædet.   Fængslets skole hører under beskæftigelsen, hvor de","""Institution Sdr. Omme, Sønder Omme Fængsel søger pr. 1. juli 2022 eller snarest muligt derefter en fængselslærer, der er uddannet OBU- og FVU dansklærer på 37 timer.  Vi tilbyder et spændende job med mange udfordringer, ansvar og indflydelse i et miljø, hvor tværfagligt samarbejde er i højsædet.   Fængslets skole hører under beskæftigelsen, hvor de""","""Fængselslærer til institution Sdr. Omme - Sdr. Omme Fængsel - GENOPSLAG""","https://www.google.dk/maps/dir//Holdgårdsvej+142,7260,+Sønder+Omme/","Institution Sdr. Omme, Sønder Omme Fængsel søger pr. 1. juli 2022 eller snarest muligt derefter en fængselslærer, der er uddannet OBU- og FVU dansklærer på 37 timer.   Vi tilbyder et spændende job med mange udfordringer, ansvar og indflydelse i et miljø, hvor tværfagligt samarbejde er i højsædet.    Fængslets skole hører under beskæftigelsen, hvor der ud over 4 andre fængselslærere også er ansat værkmestre, EUD-undervisere, skolesekretær, pædagogiske medarbejdere, jobkonsulent, erhvervsuddannelseskoordinator samt vejledere, der er ledet af 1 enhedschef og 3 enhedsledere.   Ud over at samarbejde med resten af beskæftigelsesteamet, vil du som fængselslærer også skulle samarbejde med blandt andet betjente og socialrådgivere omkring den indsatte, f.eks. på handleplansmøder.   I fængslet har vi en uddannelsesafdeling, som rummer 25 indsatte, der alle er under uddannelse på et eller andet niveau. Blandt andet har vi en del indsatte, der læser HF og enkelte akademifag via fjernstudie. Her ud over har vi indsatte, der læser AVU, FVU, OBU, EUD og/eller deltager i AMU-kurser i fængslet.   Opgaven  Din kerneopgave vil være testning, undervisning samt understøttelse af de indsatte, der har skriftsproglige vanskeligheder samt udvikling af et relationsstærkt fagligt læringsmiljø, der bygger på en høj grad af differentieret tilgang til de indsatte, og hvor målet er at løfte deres faglige kompetencer samt forberede og motivere til videre uddannelse.   Vi forventer, at du     Er læreruddannet og brænder for at undervise   Har de fornødne PD-moduler, så du også er uddannet OBU- og FVU dansklærer   Ønsker at indgå i et tværfagligt samarbejde med mange forskellige faggrupper   Kan motivere de indsatte til skolegang   Kan lide at arbejde med mennesker og er vedholdende i din tilgang   Kan kommunikere anerkendende og værdsættende    Er psykisk robust, afbalanceret og kan sætte grænser på en ordentlig måde   Er fleksibel, idet hverdagen i et fængsel er evig omskiftelig     Vi forventer også, at du er selvstændig, igangsættende, serviceorienteret og parat til at indgå i en spændende hverdag, hvor opgaven med at bringe de indsatte bedre videre til et liv uden kriminalitet, blandt andet gennem uddannelse, er i centrum. Endelig lægger vi vægt på, at du som person kan og vil støtte op om det gode arbejdsmiljø ved at have godt humør og lyst til at arbejde i teams.   Vi tilbyder     En spændende stilling, hvor der er plads til kreative ideer inden for fængslets rammer   Et uhøjtideligt miljø med plads til humor, men med en respektfuld tone   Et miljø med høj faglighed og ordentlighed   Tværfagligt samarbejde med flere forskellige faggrupper   En ”både og” tankegang, hvor det både er muligt at have fokus på fængslets drift, herunder sikkerhed, og hvor udvikling og forandring også er et fokusområde     Om Institutionen  Sønder Omme Fængsel er et åbent fængsel og en del af Institution Sdr. Omme, og har plads til 222 indsatte og har ca. 140 medarbejdere. Fængslet består af flere selvstændige specialafdelinger og flere almindelige belægsafdelinger. Der vil være samarbejde på tværs af alle afdelinger og med mange faggrupper.   Ansættelsesområdet er kriminalforsorgen og arbejdspladsen er beliggende på Holdgårdsvej 142, 7260 Sdr. Omme.   Løn- og ansættelsesvilkår  Stillingen er til besættelse fra den 1. juli 2022 eller snarest muligt derefter.  Ansættelsen sker i henhold til LC/CO10-fællesoverenskomsten og organisationsaftale for fængselslærere m.fl. samt aftale om Ny løn.   Ansøgning  Ønsker du at søge stillingen så send ansøgning, CV, dokumentation for uddannelse og forudgående erfaring samt andet relevant materiale senest den  22. maj 2022  via knappen  ""søg stillingen.   Har du spørgsmål til stillingen kan du kontakte Enhedschef Ivan Bøjlesen på telefon 7255 3680.   Ønsker du flere oplysninger om Kriminalforsorgen kan du søge på  www.kriminalforsorgen.dk   Alle interesserede uanset alder, køn, race, religion eller etniske tilhørsforhold opfordres til at søge stillingen.   En forudsætning for ansættelse i stillingen er, at du, såfremt du indkaldes til samtale, giver dit samtykke til, at Kriminalforsorgen må indhente og vurdere oplysninger om dig i det Centrale Kriminalregister. Hvis du indkaldes til samtale, skal du til samtalen medbringe billedidentifikation f.eks. pas eller kørekort. Inden ansættelse skal vi desuden have modtaget dokumentation for CV, f.eks. ansættelsesbeviser.","https://www.google.dk/maps/place/Holdgårdsvej+142,7260,+Sønder+Omme/",53383211.0,False,False,,False,"institution sdr. omme, sønder omme fængsel søger pr. 1. juli 2022 eller snarest muligt derefter en fængselslærer, der er uddannet obu- og fvu dansklærer på 37 timer. vi tilbyder et spændende job med mange udfordringer, ansvar og indflydelse i et miljø, hvor tværfagligt samarbejde er i højsædet. fængslets skole hører under beskæftigelsen, hvor der ud over 4 andre fængselslærere også er ansat værkmestre, eud-undervisere, skolesekretær, pædagogiske medarbejdere, jobkonsulent, erhvervsuddannelseskoordinator samt vejledere, der er ledet af 1 enhedschef og 3 enhedsledere. ud over at samarbejde med resten af beskæftigelsesteamet, vil du som fængselslærer også skulle samarbejde med blandt andet betjente og socialrådgivere omkring den indsatte, f.eks. på handleplansmøder. i fængslet har vi en uddannelsesafdeling, som rummer 25 indsatte, der alle er under uddannelse på et eller andet niveau. blandt andet har vi en del indsatte, der læser hf og enkelte akademifag via fjernstudie. her ud over har vi indsatte, der læser avu, fvu, obu, eud og/eller deltager i amu-kurser i fængslet. opgaven din kerneopgave vil være testning, undervisning samt understøttelse af de indsatte, der har skriftsproglige vanskeligheder samt udvikling af et relationsstærkt fagligt læringsmiljø, der bygger på en høj grad af differentieret tilgang til de indsatte, og hvor målet er at løfte deres faglige kompetencer samt forberede og motivere til videre uddannelse. vi forventer, at du er læreruddannet og brænder for at undervise har de fornødne pd-moduler, så du også er uddannet obu- og fvu dansklærer ønsker at indgå i et tværfagligt samarbejde med mange forskellige faggrupper kan motivere de indsatte til skolegang kan lide at arbejde med mennesker og er vedholdende i din tilgang kan kommunikere anerkendende og værdsættende er psykisk robust, afbalanceret og kan sætte grænser på en ordentlig måde er fleksibel, idet hverdagen i et fængsel er evig omskiftelig vi forventer også, at du er selvstændig, igangsættende, serviceorienteret og parat til at indgå i en spændende hverdag, hvor opgaven med at bringe de indsatte bedre videre til et liv uden kriminalitet, blandt andet gennem uddannelse, er i centrum. endelig lægger vi vægt på, at du som person kan og vil støtte op om det gode arbejdsmiljø ved at have godt humør og lyst til at arbejde i teams. vi tilbyder en spændende stilling, hvor der er plads til kreative ideer inden for fængslets rammer et uhøjtideligt miljø med plads til humor, men med en respektfuld tone et miljø med høj faglighed og ordentlighed tværfagligt samarbejde med flere forskellige faggrupper en ”både og” tankegang, hvor det både er muligt at have fokus på fængslets drift, herunder sikkerhed, og hvor udvikling og forandring også er et fokusområde om institutionen sønder omme fængsel er et åbent fængsel og en del af institution sdr. omme, og har plads til 222 indsatte og har ca. 140 medarbejdere. fængslet består af flere selvstændige specialafdelinger og flere almindelige belægsafdelinger. der vil være samarbejde på tværs af alle afdelinger og med mange faggrupper. ansættelsesområdet er kriminalforsorgen og arbejdspladsen er beliggende på holdgårdsvej 142, 7260 sdr. omme. løn- og ansættelsesvilkår stillingen er til besættelse fra den 1. juli 2022 eller snarest muligt derefter. ansættelsen sker i henhold til lc/co10-fællesoverenskomsten og organisationsaftale for fængselslærere m.fl. samt aftale om ny løn. ansøgning ønsker du at søge stillingen så send ansøgning, cv, dokumentation for uddannelse og forudgående erfaring samt andet relevant materiale senest den 22. maj 2022 via knappen ""søg stillingen. har du spørgsmål til stillingen kan du kontakte enhedschef ivan bøjlesen på telefon 7255 3680. ønsker du flere oplysninger om kriminalforsorgen kan du søge på www.kriminalforsorgen.dk alle interesserede uanset alder, køn, race, religion eller etniske tilhørsforhold opfordres til at søge stillingen. en forudsætning for ansættelse i stillingen er, at du, såfremt du indkaldes til samtale, giver dit samtykke til, at kriminalforsorgen må indhente og vurdere oplysninger om dig i det centrale kriminalregister. hvis du indkaldes til samtale, skal du til samtalen medbringe billedidentifikation f.eks. pas eller kørekort. inden ansættelse skal vi desuden have modtaget dokumentation for cv, f.eks. ansættelsesbeviser.",5566163.0,0.0,,0.0,Primary,,,,,,,,,,,,,,,,,,,,,,,,,,
0,False,1,Social- og sundhedsassistent til dagvagt 35 timer om ugen på Haandværkerforeningens Plejehjem,Social- og sundhedsassistent til dagvagt 35 timer om ugen på Haandværkerforeningens Plejehjem,"Brænder du for at arbejde med ældre, er du fagligt dygtig? Så er du måske vores nye social- og sundhedsassistent.  Vi søger en fagligt dygtig social- og sundhedsassistent 35 t",Københavns Kommune,Borups Allé 177,2400.0,København NV,False,False,False,True,2022-04-25T00:00:00,2022-05-09T00:00:00,9. maj 2022,0001-01-01T00:00:00,False,False,https://job.jobnet.dk/CV/FindWork/Details/5582597,Hovedstaden og Bornholm,København,Danmark,2400.0,,,,Deltid,"Sundhed, omsorg og personlig pleje",Pleje og omsorg,Social- og sundhedsassistent,55.696,12.5253,,,76595,36699.0,64942212,False,False,https://job.jobnet.dk/CV/FindWork/DetailsSocialmedia/5582597,https://job.jobnet.dk/CV/FindWork/Details/5582597,https://job.jobnet.dk/CV/FindWork/Details/5582597,True,5582597,55.696,12.5253,"{'Id': 1, 'Name': 'Fuldtid'}, {'Id': 16, 'Name': 'Deltid'}","{'Id': 1, 'Name': 'Almindelige vilkår'}, {'Id': 2, 'Name': 'Fleksjob'}, {'Id': 3, 'Name': 'Skånejob'}, {'Id': 4, 'Name': 'Egnet til efterlønnere og seniorer'}, {'Id': 5, 'Name': 'Job med løntilskud'}, {'Id': 6, 'Name': 'Rotationsjob'}, {'Id': 7, 'Name': 'Virksomhedspraktik'}","{'Id': 1, 'Name': 'Fastansættelse'}, {'Id': 16, 'Name': 'Tidsbegrænset ansættelse'}",Københavns Kommune,Borups Allé 177,58,Danmark,101,København,4,"Hovedstaden, Sjælland og Bornholm",2400.0,København NV,39549373,0,Primary,,,,,76595.0,1008526997.0,64942212.0,,5582597,Københavns Kommune,Borups Allé 177,58.0,Danmark,101.0,København,4.0,"Hovedstaden, Sjælland og Bornholm",2400.0,København NV,39549373,0.0,Primary,,,,,76595.0,1008526997.0,64942212.0,,,2022-04-25T00:00:00,2022-05-09T00:00:00,Social- og sundhedsassistent til dagvagt 35 timer om ugen på Haandværkerforeningens Plejehjem,"Brænder du for at arbejde med ældre, er du fagligt dygtig? Så er du måske vores nye social- og sundhedsassistent.   Vi søger en fagligt dygtig social- og sundhedsassistent 35 timer om ugen i fortrinsvist dagvagt til ansættelse til en plejeafdeling.  Stillingen er på 35 timer om ugen med weekendvagt hver 3. uge, og arbejdstiden ligger imellem klokken 7.30 og 15.30.   Om dig  Du brænder for at sikre vores ældre et værdigt ældreliv, du skal bidrage med en positiv tilgang til livet, og du skal være enig i og understøtte, at de ældre skal leve livet hele livet. Hvis du også vil gøre det muligt for vores ældre at modtage den bedst mulige pleje og omsorg, så er du måske vores nye social- og sundhedsassistent   Vi forventer, at du     har en høj faglighed   hjælper borgerne med personlig pleje og herunder til enhver tid vurderer borgernes almentilstand og videregiver dine observationer   evner sårpleje, smertelindring og palliativ pleje   sparrer med den faglige koordinator og afdelingslederen   sikrer, at der er et hyggeligt miljø, når maden serveres og gerne spiser sammen med beboerne samtidig med, at du har faglig fokus på ernæringstilstanden hos beboeren og ernæringsscreener   sikrer, at der foregår aktiviteter i afdelingen for hver enkelt beboer, samtidig med at du hverdagsrehabiliterer   sikrer, at der hver dag er orden i beboerens hjem samtidig med, at du observerer almentilstanden hos beboeren   sikrer orden på afdelingen   sikrer videndeling, reflekterer og evner dokumentation   kan samarbejde med eksterne samarbejdspartnere og de pårørende, f.eks. læger, hospitaler osv.     Vi tilbyder     samarbejde med leder, kolleger i afdelingen, i huset og med fagstaben   bedsidelearning, undervisning og vejledning i grundlæggende sygepleje og hygiejne i afdelingen eller i vores learning lab   en arbejdsplads i udvikling, hvor du vil få mulighed for at blive kompetenceafklaret og får tilbud om undervisning dér, hvor du oplever, at du mangler viden     Lidt om os  På Haandværkerforeningens Plejehjem bor der 168 ældre borgere. Vi er en selvejende institution med driftsoverenskomst med Københavns Kommune.  Plejehjemmet er af ældre dato, med etrumsboliger, men vi har rigtig mange gode fællesfaciliteter.   Vi har fokus på at eliminere ensomhed, kedsomhed og hjælpeløshed, da vi mener, at med bekæmpelse af de tre ældreplager er vi med til at sikre vores borgere et værdigt ældreliv.  Vi sætter en stor ære i, at vi som medarbejdere er kompetente til at hjælpe vores ældre.   Vi arbejder med afsæt i Københavns Kommunes Ældrepolitik, Sundhedspolitik, Tillidsdagorden samt Sundheds- og Omsorgsforvaltningens Mission og Vision.   Vi lægger vægt på at fejre plejehjemmets traditioner, fester og højtiderne hen over året.     Plejehjemmet ligger tæt på Emdrup Station.  Vi har røgfri arbejdstid   Løn og ansættelsesvilkår efter gældende overenskomst med udgangspunkt i Ny Løn.     ​Interesseret?  Har du spørgsmål til jobbet og til os, er du velkommen til at kontakte afdelingsleder Bitten Stahl Clausen på 3954 9373.   Søg via linket senest mandag den 9. maj 2022   Om Sundheds- og Omsorgsforvaltningen  Vores hverdag handler om mennesker. I Sundheds- og Omsorgsforvaltningen er der fleksibel arbejdstid, som indebærer, at du har medindflydelse på din arbejdstid. Hvis du er sygeplejerske, SOSU-assistent eller SOSU-hjælper, har du derudover ret til at få fuld tid, hvis du ønsker det. Se mere om vores hverdag på  www.vores-hverdag.dk ,  Facebook  og  LinkedIn .",Borups Allé 177,58,Danmark,101,København,4,"Hovedstaden, Sjælland og Bornholm",2400.0,København NV,1,16,Deltid,,,1,,,0,,0,0,False,"{'Id': 7928685, 'Email': None, 'FaxNumber': None, 'PersonName': 'Bitten Stahl Clausen', 'FirstName': 'Bitten', 'LastName': 'Stahl Clausen', 'PositionTitle': None, 'PhoneNumbers': [{'Number': '39549373', 'Type': 0, 'Description': 'Hovednummer'}]}",,False,False,False,False,4,,,False,False,False,False,,,,,,,https://candidate.hr-manager.net/ApplicationInit.aspx?cid=1518&ProjectId=182671&DepartmentId=20934&MediaId=4780&SkipAdvertisement=true,False,2022-05-09T00:00:00,7,/CV/FindWork/GetLogo?JobAdId=5582597&WorkPlace=76595&Organisation=64942212,"Borups Allé 177,2400, København NV",True,False,/CV/Jobseeking/JobLog/CreateJobSearch?JobnetJobPostingIdentifier=5582597&Company.Name=Københavns Kommune&SubmissionDeadlineDate=2022-5-9&Title=Social- og sundhedsassistent til dagvagt 35 timer om ugen på Haandværkerforeningens Plejehjem&WeeklyWorkTime=2,00000000-0000-0000-0000-000000000000,False,0,,,Social- og sundhedsassistent til dagvagt 35 timer om ugen på Haandværkerforeningens Plejehjem,True,,True,2,,5582597,,,False,False,,0,False,Københavns Kommune,Borups Allé 177,,,2400.0,False,False,False,København NV,Bitten Stahl Clausen,39549373,,,,,,False,,2022-05-09T00:00:00,,0,False,0,,,,,0,,,,False,False,,,False,False,,,,False,,False,,,Arbejdspladsen ligger i København kommune,False,Københavns Kommune,,,,False,False,"Brænder du for at arbejde med ældre, er du fagligt dygtig? Så er du måske vores nye social- og sundhedsassistent.  Vi søger en fagligt dygtig social- og sundhedsassistent 35 timer om ugen i fortrinsvist dagvagt til ansættelse til en plejeafdeling. Stillingen er på 35 timer om ugen med weekendvagt hver 3. uge, og arbejdstiden ligger imellem klokken ","""Brænder du for at arbejde med ældre, er du fagligt dygtig? Så er du måske vores nye social- og sundhedsassistent.  Vi søger en fagligt dygtig social- og sundhedsassistent 35 timer om ugen i fortrinsvist dagvagt til ansættelse til en plejeafdeling. Stillingen er på 35 timer om ugen med weekendvagt hver 3. uge, og arbejdstiden ligger imellem klokken ""","""Social- og sundhedsassistent til dagvagt 35 timer om ugen på Haandværkerforeningens Plejehjem""","https://www.google.dk/maps/dir//Borups+Allé+177,2400,+København+NV/","Brænder du for at arbejde med ældre, er du fagligt dygtig? Så er du måske vores nye social- og sundhedsassistent.   Vi søger en fagligt dygtig social- og sundhedsassistent 35 timer om ugen i fortrinsvist dagvagt til ansættelse til en plejeafdeling.  Stillingen er på 35 timer om ugen med weekendvagt hver 3. uge, og arbejdstiden ligger imellem klokken 7.30 og 15.30.   Om dig  Du brænder for at sikre vores ældre et værdigt ældreliv, du skal bidrage med en positiv tilgang til livet, og du skal være enig i og understøtte, at de ældre skal leve livet hele livet. Hvis du også vil gøre det muligt for vores ældre at modtage den bedst mulige pleje og omsorg, så er du måske vores nye social- og sundhedsassistent   Vi forventer, at du     har en høj faglighed   hjælper borgerne med personlig pleje og herunder til enhver tid vurderer borgernes almentilstand og videregiver dine observationer   evner sårpleje, smertelindring og palliativ pleje   sparrer med den faglige koordinator og afdelingslederen   sikrer, at der er et hyggeligt miljø, når maden serveres og gerne spiser sammen med beboerne samtidig med, at du har faglig fokus på ernæringstilstanden hos beboeren og ernæringsscreener   sikrer, at der foregår aktiviteter i afdelingen for hver enkelt beboer, samtidig med at du hverdagsrehabiliterer   sikrer, at der hver dag er orden i beboerens hjem samtidig med, at du observerer almentilstanden hos beboeren   sikrer orden på afdelingen   sikrer videndeling, reflekterer og evner dokumentation   kan samarbejde med eksterne samarbejdspartnere og de pårørende, f.eks. læger, hospitaler osv.     Vi tilbyder     samarbejde med leder, kolleger i afdelingen, i huset og med fagstaben   bedsidelearning, undervisning og vejledning i grundlæggende sygepleje og hygiejne i afdelingen eller i vores learning lab   en arbejdsplads i udvikling, hvor du vil få mulighed for at blive kompetenceafklaret og får tilbud om undervisning dér, hvor du oplever, at du mangler viden     Lidt om os  På Haandværkerforeningens Plejehjem bor der 168 ældre borgere. Vi er en selvejende institution med driftsoverenskomst med Københavns Kommune.  Plejehjemmet er af ældre dato, med etrumsboliger, men vi har rigtig mange gode fællesfaciliteter.   Vi har fokus på at eliminere ensomhed, kedsomhed og hjælpeløshed, da vi mener, at med bekæmpelse af de tre ældreplager er vi med til at sikre vores borgere et værdigt ældreliv.  Vi sætter en stor ære i, at vi som medarbejdere er kompetente til at hjælpe vores ældre.   Vi arbejder med afsæt i Københavns Kommunes Ældrepolitik, Sundhedspolitik, Tillidsdagorden samt Sundheds- og Omsorgsforvaltningens Mission og Vision.   Vi lægger vægt på at fejre plejehjemmets traditioner, fester og højtiderne hen over året.     Plejehjemmet ligger tæt på Emdrup Station.  Vi har røgfri arbejdstid   Løn og ansættelsesvilkår efter gældende overenskomst med udgangspunkt i Ny Løn.     ​Interesseret?  Har du spørgsmål til jobbet og til os, er du velkommen til at kontakte afdelingsleder Bitten Stahl Clausen på 3954 9373.   Søg via linket senest mandag den 9. maj 2022   Om Sundheds- og Omsorgsforvaltningen  Vores hverdag handler om mennesker. I Sundheds- og Omsorgsforvaltningen er der fleksibel arbejdstid, som indebærer, at du har medindflydelse på din arbejdstid. Hvis du er sygeplejerske, SOSU-assistent eller SOSU-hjælper, har du derudover ret til at få fuld tid, hvis du ønsker det. Se mere om vores hverdag på  www.vores-hverdag.dk ,  Facebook  og  LinkedIn .","https://www.google.dk/maps/place/Borups+Allé+177,2400,+København+NV/",64942212.0,False,False,,False,"brænder du for at arbejde med ældre, er du fagligt dygtig? så er du måske vores nye social- og sundhedsassistent. vi søger en fagligt dygtig social- og sundhedsassistent 35 timer om ugen i fortrinsvist dagvagt til ansættelse til en plejeafdeling. stillingen er på 35 timer om ugen med weekendvagt hver 3. uge, og arbejdstiden ligger imellem klokken 7.30 og 15.30. om dig du brænder for at sikre vores ældre et værdigt ældreliv, du skal bidrage med en positiv tilgang til livet, og du skal være enig i og understøtte, at de ældre skal leve livet hele livet. hvis du også vil gøre det muligt for vores ældre at modtage den bedst mulige pleje og omsorg, så er du måske vores nye social- og sundhedsassistent vi forventer, at du har en høj faglighed hjælper borgerne med personlig pleje og herunder til enhver tid vurderer borgernes almentilstand og videregiver dine observationer evner sårpleje, smertelindring og palliativ pleje sparrer med den faglige koordinator og afdelingslederen sikrer, at der er et hyggeligt miljø, når maden serveres og gerne spiser sammen med beboerne samtidig med, at du har faglig fokus på ernæringstilstanden hos beboeren og ernæringsscreener sikrer, at der foregår aktiviteter i afdelingen for hver enkelt beboer, samtidig med at du hverdagsrehabiliterer sikrer, at der hver dag er orden i beboerens hjem samtidig med, at du observerer almentilstanden hos beboeren sikrer orden på afdelingen sikrer videndeling, reflekterer og evner dokumentation kan samarbejde med eksterne samarbejdspartnere og de pårørende, f.eks. læger, hospitaler osv. vi tilbyder samarbejde med leder, kolleger i afdelingen, i huset og med fagstaben bedsidelearning, undervisning og vejledning i grundlæggende sygepleje og hygiejne i afdelingen eller i vores learning lab en arbejdsplads i udvikling, hvor du vil få mulighed for at blive kompetenceafklaret og får tilbud om undervisning dér, hvor du oplever, at du mangler viden lidt om os på haandværkerforeningens plejehjem bor der 168 ældre borgere. vi er en selvejende institution med driftsoverenskomst med københavns kommune. plejehjemmet er af ældre dato, med etrumsboliger, men vi har rigtig mange gode fællesfaciliteter. vi har fokus på at eliminere ensomhed, kedsomhed og hjælpeløshed, da vi mener, at med bekæmpelse af de tre ældreplager er vi med til at sikre vores borgere et værdigt ældreliv. vi sætter en stor ære i, at vi som medarbejdere er kompetente til at hjælpe vores ældre. vi arbejder med afsæt i københavns kommunes ældrepolitik, sundhedspolitik, tillidsdagorden samt sundheds- og omsorgsforvaltningens mission og vision. vi lægger vægt på at fejre plejehjemmets traditioner, fester og højtiderne hen over året. plejehjemmet ligger tæt på emdrup station. vi har røgfri arbejdstid løn og ansættelsesvilkår efter gældende overenskomst med udgangspunkt i ny løn. ​interesseret? har du spørgsmål til jobbet og til os, er du velkommen til at kontakte afdelingsleder bitten stahl clausen på 3954 9373. søg via linket senest mandag den 9. maj 2022 om sundheds- og omsorgsforvaltningen vores hverdag handler om mennesker. i sundheds- og omsorgsforvaltningen er der fleksibel arbejdstid, som indebærer, at du har medindflydelse på din arbejdstid. hvis du er sygeplejerske, sosu-assistent eller sosu-hjælper, har du derudover ret til at få fuld tid, hvis du ønsker det. se mere om vores hverdag på www.vores-hverdag.dk , facebook og linkedin .",5582597.0,0.0,,0.0,Primary,,,,,,,,,,,,,,,,,,,,,,,,,,
0,False,1,"BØRNEHUSET VANDET SØGER EN PÆDAGOG, FASTANSÆTTELSE, 37 TIMER","BØRNEHUSET VANDET SØGER EN PÆDAGOG, FASTANSÆTTELSE, 37 TIMER",Om jobbet:Børnehuset Vandet består af to børnehavegrupper og to vuggestuegrupper og er en del af Søndervang-Vestergård Dagtilbud. Børnehuset Vandet er kendetegnet ved samarbejd,Aarhus Kommune,Søndervangs Allé 40   ,8260.0,Viby J,True,False,False,False,2025-02-03T07:58:17,2025-02-18T11:00:00,18. februar 2025,0001-01-01T00:00:00,False,False,https://job.jobnet.dk/CV/FindWork/Details/ec53346e-9422-4c4a-b13d-3137d6e9682e,Midtjylland,Aarhus,Danmark,8260.0,,Almindelige vilkår,Fastansættelse,Fuldtid,"Pædagogisk, socialt og kirkeligt arbejde",Pædagogisk arbejde,Pædagog,56.1264,10.1378,,Dag,1003366434,,55133018,False,False,https://job.jobnet.dk/CV/FindWork/DetailsSocialmedia/ec53346e-9422-4c4a-b13d-3137d6e9682e,https://job.jobnet.dk/CV/FindWork/Details/ec53346e-9422-4c4a-b13d-3137d6e9682e,https://job.jobnet.dk/CV/FindWork/Details/ec53346e-9422-4c4a-b13d-3137d6e9682e,True,ec53346e-9422-4c4a-b13d-3137d6e9682e,56.1264,10.1378,"{'Id': 1, 'Name': 'Fuldtid'}, {'Id': 16, 'Name': 'Deltid'}","{'Id': 1, 'Name': 'Almindelige vilkår'}, {'Id': 2, 'Name': 'Fleksjob'}, {'Id': 3, 'Name': 'Skånejob'}, {'Id': 4, 'Name': 'Egnet til efterlønnere og seniorer'}, {'Id': 5, 'Name': 'Job med løntilskud'}, {'Id': 6, 'Name': 'Rotationsjob'}, {'Id': 7, 'Name': 'Virksomhedspraktik'}","{'Id': 1, 'Name': 'Fastansættelse'}, {'Id': 16, 'Name': 'Tidsbegrænset ansættelse'}",Aarhus Kommune,Søndervangs Allé 40,58,Danmark,751,Aarhus,2,Midtjylland,8260.0,Viby J,,0,Primary,,,https://aarhus.career.emply.com/ad/bornehuset-vandet-soger-en-paedagog-fastansaettelse-37-timer/88s9t5/da,,,1003366434.0,55133018.0,,ec53346e-9422-4c4a-b13d-3137d6e9682e,Aarhus Kommune,Søndervangs Allé 40,58.0,Danmark,751.0,Aarhus,2.0,Midtjylland,8260.0,Viby J,,0.0,Primary,,,https://aarhus.career.emply.com/ad/bornehuset-vandet-soger-en-paedagog-fastansaettelse-37-timer/88s9t5/da,,,1003366434.0,55133018.0,,,2025-02-03T07:58:17.2283081+01:00,2025-02-18T11:00:00+01:00,"BØRNEHUSET VANDET SØGER EN PÆDAGOG, FASTANSÆTTELSE, 37 TIMER","Om jobbet: Børnehuset Vandet består af to børnehavegrupper og to vuggestuegrupper og er en del af Søndervang-Vestergård Dagtilbud. Børnehuset Vandet er kendetegnet ved samarbejde mellem både vuggestue- og børnehavestuerne, at vi er et helt hus med blik for alle børn og hinanden, og at vi i fællesskab bidrager til en pædagogisk praksis af høj kvalitet. Du vil som udgangspunkt blive en del af børnehavegrupperne, hvor I sammen arbejder i en struktureret praksis med et skarpt fokus på neuropædagogik, et inkluderende børnefællesskab og sprogarbejde særligt tilpasset de enkelte børn/børnegruppen. Refleksion over praksis er baggrund for udvikling og justeringer i læringsmiljøet. Din profil: Vi lægger vægt på at du:  Er en faglig stærk pædagog, der er anerkendende og tydelig i ord, kropssprog og handling.   Kan skabe og fastholde en tydelig struktur, hvor du tager ledelse af børnegruppen. En pædagog der kan anvise og guide børnene og tager ansvar for relationen også der, hvor børnenes reaktion er uhensigtsmæssig.   Er god til at iagttage, analysere og evaluere læringsmiljøet - børnenes trivsel, dannelse, udvikling og læring og formår at tilrettelægge din praksis ift. den pædagogiske læreplan.   Er stærk i skrift – ex. beskrivelser af børns udvikling, dokumentation, information til forældrene, indstilling til PPR, Dansk pædagogisk Udviklingsbeskrivelse, Samspil mm.  Har lyst til og formår at indgå i et tæt samarbejde med forældre samt interne/eksterne samarbejdspartnere.  Kan indgå i et ligeværdigt samarbejde med forældrene, hvor du formår at lytte, formidle og dokumentere pædagogikken i dagligdagen ift. deres barn og børnegruppen.  Er fagligt velfunderet og bevidst om at bruge dig selv professionelt i arbejdet.  Er initiativrig, løsningsorienteret og konstruktiv.  Ser dig selv som en vigtig del af en personalegruppe samt formår at være nysgerrig på den andens perspektiv.  Er medbidrager til et godt arbejdsmiljø. Kan arbejde selvstændigt, men at du samtidig er en ”holdspiller”.  Kan reflektere over pædagogisk praksis og sætte pædagogikken på dagsordenen og forbinde teori og praksis i konkrete aktiviteter, der understøtter den pædagogiske læreplan.  Vil være en del af en kultur, hvor vi vil hinanden på tværs af afdelingen – er nysgerrig på egen og andres praksis gennem reflekterende dialoger og feedback.  Nyuddannet eller erfaren pædagog – vi vil tage godt imod dig, og hjælpe dig i gang. Derfor skal du vælge os: Vi tilbyder en spændende hverdag og fremtid med masser af muligheder, udfordringer og gejst.   Et godt miljø for børn og voksne med fokus på fællesskabet, et godt kollegialt samarbejde og gode rammer for sparring og faglig udvikling.  Vi vægter nærvær og små grupper, og vi er gode til at bruge både inde- og uderum dagen igennem. Vi understøtter trivsel og fordybelse hos børnene, idet vi som voksne er bevidste om at fordele os i den fysiske ramme. Vi tilbyder dig et fagligt arbejdsfællesskab der er præget af høj faglighed, hvor vi tør give hinanden feedback på den pædagogiske praksis. Vi skal tilpasse læringsmiljøet, så det på bedst mulig måde understøtter børnenes udvikling. Vi har sammen med to andre daginstitutioner adgang til gymnastiksal, svømmehal, en stor legeplads og minibusser. Vi tager på ture til kulturelle tilbud, naturen og hvad der ellers er relevant ift. det aktuelle tema, vi arbejder med. Løn og ansættelsesvilkår: Løn og ansættelsesvilkår vil være i henhold til gældende overenskomst. Endelig lønfastsættelse sker efter forhandling med den forhandlingsberettigede faglige organisation på baggrund af kvalifikationer, medmindre stillingen er omfattet af en forhåndsaftale, som kan danne grundlag for lønfastsættelsen    Ugentligt timetal: 37 timer Der vil blive indhentet børne- og straffeattest og ansættelse sker under forudsætning af, at attesterne ikke viser, at du er uegnet/uværdig til stillingen. Du kan læse mere her om hvordan vi behandler dine oplysninger  her . Hvis du vil vide mere: Kontakt pædagogiske leder i Børnehuset Vandet, Anne Merete Ebbesen, mail:  aeb@aarhus.dk , telefon: 51837240 – eller: stedfortræder Lotte H. Mikkelsen, telefon: 51837241. Ansøgning Klik på ”Ansøg” nedenfor for at udfylde og sende din ansøgning. Alle felter med * skal udfyldes. Først når du har modtaget en kvittering pr. e-mail, har vi modtaget din ansøgning.   Ansøgningsfrist: tirsdag den 18. februar 2025, kl. 12.00.   Vi forventer at afholde samtaler løbende. Start snarest muligt. Om os På Søndervang-matriklen (hvor vi er sammen med skole, klub og to andre daginstitutioner) spiller vi hinanden gode og står til rådighed for videndeling, sparring, feedback og feedforward. I hverdagen samarbejder vi om at udvikle en fælles kultur og pædagogisk retning med afsæt i læreplanen og Aarhus Kommunes Børne- og Ungepolitik.   Vores pædagogik tager afsæt i en neuropædagogisk tilgang. Vi arbejder med begreber som ”før, under og efter”, mentaliseringskompetencer, mikro- og makroregulering samt NUZO i forhold til det enkelte barn og børnegruppen. Vi er inspireret af NEST og har et inkluderende miljø/fællesskab for øje. Aktuelt er vi i gang med et kompetenceudviklingsforløb, ”Dagtilbud for alle” – optimering af læringsmiljøet med fokus på alle børns deltagelsesmulighed i fællesskabet.  Teamsamarbejde prioriteres højt i egen afdeling og på tværs af dagtilbuddet. Vores sammenhængskraft giver dig mange kollegaer og muligheder for sparring og faglig udvikling. Du er i dit daglige virke tilknyttet en nærmeste leder. Din leder vil tilbyde sparring og I er samskabende om kerneopgaven.   Vores børnegruppe repræsenterer en mangfoldighed af forskellige familietyper og etnicitet, som vi beriges med. I dagligdagen lægger vi særligt vægt på at arbejde med barnets sproglige udvikling og dets sociale kompetencer, samt at klæde barnet på til at indgå i meningsfulde inkluderende børnefællesskaber. Vi har også et særligt fokus på forældresamarbejdet og bruger blandt andet tid på at rådgive og vejlede forældre i forældrerollen. Du vil som kontaktpædagog bl.a. få ansvar for planlægning og afvikling af pædagogiske aktiviteter, forældresamtaler, udarbejdelse af skriftligt materiale ex. indstilling til PPR.     Om Aarhus Kommune Aarhus Kommune er Jyllands største arbejdsplads, hvor 28.000 professionelle og passionerede kollegaer hver dag arbejder for at gøre visioner til virkelighed og skabe værdi for borgere og samfundet omkring os. Vi er en arbejdsplads, der vægter faglighed og samarbejde højt og vi tror på, at vores forskelligheder er med til at gøre Aarhus for en god by for alle.    Sammen arbejder vi for en bæredygtig og inkluderende by, hvor både ansatte, borgere, virksomheder og naturen kan trives og blomstre. Vi har ambitioner for byen – og for dig. Kom og vær med!",Søndervangs Allé 40,58,Danmark,751,Aarhus,2,Midtjylland,8260.0,Viby J,1,1,Fuldtid,,,1,,Pædagog,0,"Rytmikpædagog, 854, 855, 856",0,0,False,"{'Email': None, 'PersonName': 'Anne Merete Ebbesen', 'FirstName': 'Anne', 'LastName': 'Merete Ebbesen', 'PositionTitle': None, 'PhoneNumbers': [{'Number': '+4551837240', 'Type': 0, 'Description': 'Primary'}]}",,False,False,False,False,4,,,False,False,False,True,False,False,,,,,https://aarhus.career.emply.com/ad/bornehuset-vandet-soger-en-paedagog-fastansaettelse-37-timer/88s9t5/da,False,2025-02-18T11:00:00+01:00,7,/CV/FindWork/GetLogo?JobAdId=ec53346e-9422-4c4a-b13d-3137d6e9682e&Organisation=55133018,"Søndervangs Allé 40,8260, Viby J",True,False,"/CV/Jobseeking/JobLog/CreateJobSearch?JobnetJobPostingIdentifier=ec53346e-9422-4c4a-b13d-3137d6e9682e&Company.Name=Aarhus Kommune&SubmissionDeadlineDate=2025-2-18&Title=BØRNEHUSET VANDET SØGER EN PÆDAGOG, FASTANSÆTTELSE, 37 TIMER&WeeklyWorkTime=1",00000000-0000-0000-0000-000000000000,False,0,,,"BØRNEHUSET VANDET SØGER EN PÆDAGOG, FASTANSÆTTELSE, 37 TIMER",True,,True,1,,ec53346e-9422-4c4a-b13d-3137d6e9682e,,,False,False,,0,False,Aarhus Kommune,Søndervangs Allé 40,,,8260.0,False,False,False,Viby J,Anne Merete Ebbesen,4551837240,,,,,,False,,2025-02-18T11:00:00+01:00,,0,False,0,,,,,0,,,,False,False,,,False,False,,,,False,,False,,Dag,Arbejdspladsen ligger i Aarhus kommune,False,Aarhus Kommune,,,,False,False,"Om jobbet:Børnehuset Vandet består af to børnehavegrupper og to vuggestuegrupper og er en del af Søndervang-Vestergård Dagtilbud. Børnehuset Vandet er kendetegnet ved samarbejde mellem både vuggestue- og børnehavestuerne, at vi er et helt hus med blik for alle børn og hinanden, og at vi i fællesskab bidrager til en pædagogisk praksis af høj kvalite","""Om jobbet:Børnehuset Vandet består af to børnehavegrupper og to vuggestuegrupper og er en del af Søndervang-Vestergård Dagtilbud. Børnehuset Vandet er kendetegnet ved samarbejde mellem både vuggestue- og børnehavestuerne, at vi er et helt hus med blik for alle børn og hinanden, og at vi i fællesskab bidrager til en pædagogisk praksis af høj kvalite""","""BØRNEHUSET VANDET SØGER EN PÆDAGOG, FASTANSÆTTELSE, 37 TIMER""","https://www.google.dk/maps/dir//Søndervangs+Allé+40,8260,+Viby+J/","Om jobbet: Børnehuset Vandet består af to børnehavegrupper og to vuggestuegrupper og er en del af Søndervang-Vestergård Dagtilbud. Børnehuset Vandet er kendetegnet ved samarbejde mellem både vuggestue- og børnehavestuerne, at vi er et helt hus med blik for alle børn og hinanden, og at vi i fællesskab bidrager til en pædagogisk praksis af høj kvalitet. Du vil som udgangspunkt blive en del af børnehavegrupperne, hvor I sammen arbejder i en struktureret praksis med et skarpt fokus på neuropædagogik, et inkluderende børnefællesskab og sprogarbejde særligt tilpasset de enkelte børn/børnegruppen. Refleksion over praksis er baggrund for udvikling og justeringer i læringsmiljøet. Din profil: Vi lægger vægt på at du:  Er en faglig stærk pædagog, der er anerkendende og tydelig i ord, kropssprog og handling.   Kan skabe og fastholde en tydelig struktur, hvor du tager ledelse af børnegruppen. En pædagog der kan anvise og guide børnene og tager ansvar for relationen også der, hvor børnenes reaktion er uhensigtsmæssig.   Er god til at iagttage, analysere og evaluere læringsmiljøet - børnenes trivsel, dannelse, udvikling og læring og formår at tilrettelægge din praksis ift. den pædagogiske læreplan.   Er stærk i skrift – ex. beskrivelser af børns udvikling, dokumentation, information til forældrene, indstilling til PPR, Dansk pædagogisk Udviklingsbeskrivelse, Samspil mm.  Har lyst til og formår at indgå i et tæt samarbejde med forældre samt interne/eksterne samarbejdspartnere.  Kan indgå i et ligeværdigt samarbejde med forældrene, hvor du formår at lytte, formidle og dokumentere pædagogikken i dagligdagen ift. deres barn og børnegruppen.  Er fagligt velfunderet og bevidst om at bruge dig selv professionelt i arbejdet.  Er initiativrig, løsningsorienteret og konstruktiv.  Ser dig selv som en vigtig del af en personalegruppe samt formår at være nysgerrig på den andens perspektiv.  Er medbidrager til et godt arbejdsmiljø. Kan arbejde selvstændigt, men at du samtidig er en ”holdspiller”.  Kan reflektere over pædagogisk praksis og sætte pædagogikken på dagsordenen og forbinde teori og praksis i konkrete aktiviteter, der understøtter den pædagogiske læreplan.  Vil være en del af en kultur, hvor vi vil hinanden på tværs af afdelingen – er nysgerrig på egen og andres praksis gennem reflekterende dialoger og feedback.  Nyuddannet eller erfaren pædagog – vi vil tage godt imod dig, og hjælpe dig i gang. Derfor skal du vælge os: Vi tilbyder en spændende hverdag og fremtid med masser af muligheder, udfordringer og gejst.   Et godt miljø for børn og voksne med fokus på fællesskabet, et godt kollegialt samarbejde og gode rammer for sparring og faglig udvikling.  Vi vægter nærvær og små grupper, og vi er gode til at bruge både inde- og uderum dagen igennem. Vi understøtter trivsel og fordybelse hos børnene, idet vi som voksne er bevidste om at fordele os i den fysiske ramme. Vi tilbyder dig et fagligt arbejdsfællesskab der er præget af høj faglighed, hvor vi tør give hinanden feedback på den pædagogiske praksis. Vi skal tilpasse læringsmiljøet, så det på bedst mulig måde understøtter børnenes udvikling. Vi har sammen med to andre daginstitutioner adgang til gymnastiksal, svømmehal, en stor legeplads og minibusser. Vi tager på ture til kulturelle tilbud, naturen og hvad der ellers er relevant ift. det aktuelle tema, vi arbejder med. Løn og ansættelsesvilkår: Løn og ansættelsesvilkår vil være i henhold til gældende overenskomst. Endelig lønfastsættelse sker efter forhandling med den forhandlingsberettigede faglige organisation på baggrund af kvalifikationer, medmindre stillingen er omfattet af en forhåndsaftale, som kan danne grundlag for lønfastsættelsen    Ugentligt timetal: 37 timer Der vil blive indhentet børne- og straffeattest og ansættelse sker under forudsætning af, at attesterne ikke viser, at du er uegnet/uværdig til stillingen. Du kan læse mere her om hvordan vi behandler dine oplysninger  her . Hvis du vil vide mere: Kontakt pædagogiske leder i Børnehuset Vandet, Anne Merete Ebbesen, mail:  aeb@aarhus.dk , telefon: 51837240 – eller: stedfortræder Lotte H. Mikkelsen, telefon: 51837241. Ansøgning Klik på ”Ansøg” nedenfor for at udfylde og sende din ansøgning. Alle felter med * skal udfyldes. Først når du har modtaget en kvittering pr. e-mail, har vi modtaget din ansøgning.   Ansøgningsfrist: tirsdag den 18. februar 2025, kl. 12.00.   Vi forventer at afholde samtaler løbende. Start snarest muligt. Om os På Søndervang-matriklen (hvor vi er sammen med skole, klub og to andre daginstitutioner) spiller vi hinanden gode og står til rådighed for videndeling, sparring, feedback og feedforward. I hverdagen samarbejder vi om at udvikle en fælles kultur og pædagogisk retning med afsæt i læreplanen og Aarhus Kommunes Børne- og Ungepolitik.   Vores pædagogik tager afsæt i en neuropædagogisk tilgang. Vi arbejder med begreber som ”før, under og efter”, mentaliseringskompetencer, mikro- og makroregulering samt NUZO i forhold til det enkelte barn og børnegruppen. Vi er inspireret af NEST og har et inkluderende miljø/fællesskab for øje. Aktuelt er vi i gang med et kompetenceudviklingsforløb, ”Dagtilbud for alle” – optimering af læringsmiljøet med fokus på alle børns deltagelsesmulighed i fællesskabet.  Teamsamarbejde prioriteres højt i egen afdeling og på tværs af dagtilbuddet. Vores sammenhængskraft giver dig mange kollegaer og muligheder for sparring og faglig udvikling. Du er i dit daglige virke tilknyttet en nærmeste leder. Din leder vil tilbyde sparring og I er samskabende om kerneopgaven.   Vores børnegruppe repræsenterer en mangfoldighed af forskellige familietyper og etnicitet, som vi beriges med. I dagligdagen lægger vi særligt vægt på at arbejde med barnets sproglige udvikling og dets sociale kompetencer, samt at klæde barnet på til at indgå i meningsfulde inkluderende børnefællesskaber. Vi har også et særligt fokus på forældresamarbejdet og bruger blandt andet tid på at rådgive og vejlede forældre i forældrerollen. Du vil som kontaktpædagog bl.a. få ansvar for planlægning og afvikling af pædagogiske aktiviteter, forældresamtaler, udarbejdelse af skriftligt materiale ex. indstilling til PPR.     Om Aarhus Kommune Aarhus Kommune er Jyllands største arbejdsplads, hvor 28.000 professionelle og passionerede kollegaer hver dag arbejder for at gøre visioner til virkelighed og skabe værdi for borgere og samfundet omkring os. Vi er en arbejdsplads, der vægter faglighed og samarbejde højt og vi tror på, at vores forskelligheder er med til at gøre Aarhus for en god by for alle.    Sammen arbejder vi for en bæredygtig og inkluderende by, hvor både ansatte, borgere, virksomheder og naturen kan trives og blomstre. Vi har ambitioner for byen – og for dig. Kom og vær med!","https://www.google.dk/maps/place/Søndervangs+Allé+40,8260,+Viby+J/",55133018.0,False,False,,False,"om jobbet: børnehuset vandet består af to børnehavegrupper og to vuggestuegrupper og er en del af søndervang-vestergård dagtilbud. børnehuset vandet er kendetegnet ved samarbejde mellem både vuggestue- og børnehavestuerne, at vi er et helt hus med blik for alle børn og hinanden, og at vi i fællesskab bidrager til en pædagogisk praksis af høj kvalitet. du vil som udgangspunkt blive en del af børnehavegrupperne, hvor i sammen arbejder i en struktureret praksis med et skarpt fokus på neuropædagogik, et inkluderende børnefællesskab og sprogarbejde særligt tilpasset de enkelte børn/børnegruppen. refleksion over praksis er baggrund for udvikling og justeringer i læringsmiljøet. din profil: vi lægger vægt på at du: er en faglig stærk pædagog, der er anerkendende og tydelig i ord, kropssprog og handling. kan skabe og fastholde en tydelig struktur, hvor du tager ledelse af børnegruppen. en pædagog der kan anvise og guide børnene og tager ansvar for relationen også der, hvor børnenes reaktion er uhensigtsmæssig. er god til at iagttage, analysere og evaluere læringsmiljøet - børnenes trivsel, dannelse, udvikling og læring og formår at tilrettelægge din praksis ift. den pædagogiske læreplan. er stærk i skrift – ex. beskrivelser af børns udvikling, dokumentation, information til forældrene, indstilling til ppr, dansk pædagogisk udviklingsbeskrivelse, samspil mm. har lyst til og formår at indgå i et tæt samarbejde med forældre samt interne/eksterne samarbejdspartnere. kan indgå i et ligeværdigt samarbejde med forældrene, hvor du formår at lytte, formidle og dokumentere pædagogikken i dagligdagen ift. deres barn og børnegruppen. er fagligt velfunderet og bevidst om at bruge dig selv professionelt i arbejdet. er initiativrig, løsningsorienteret og konstruktiv. ser dig selv som en vigtig del af en personalegruppe samt formår at være nysgerrig på den andens perspektiv. er medbidrager til et godt arbejdsmiljø. kan arbejde selvstændigt, men at du samtidig er en ”holdspiller”. kan reflektere over pædagogisk praksis og sætte pædagogikken på dagsordenen og forbinde teori og praksis i konkrete aktiviteter, der understøtter den pædagogiske læreplan. vil være en del af en kultur, hvor vi vil hinanden på tværs af afdelingen – er nysgerrig på egen og andres praksis gennem reflekterende dialoger og feedback. nyuddannet eller erfaren pædagog – vi vil tage godt imod dig, og hjælpe dig i gang. derfor skal du vælge os: vi tilbyder en spændende hverdag og fremtid med masser af muligheder, udfordringer og gejst. et godt miljø for børn og voksne med fokus på fællesskabet, et godt kollegialt samarbejde og gode rammer for sparring og faglig udvikling. vi vægter nærvær og små grupper, og vi er gode til at bruge både inde- og uderum dagen igennem. vi understøtter trivsel og fordybelse hos børnene, idet vi som voksne er bevidste om at fordele os i den fysiske ramme. vi tilbyder dig et fagligt arbejdsfællesskab der er præget af høj faglighed, hvor vi tør give hinanden feedback på den pædagogiske praksis. vi skal tilpasse læringsmiljøet, så det på bedst mulig måde understøtter børnenes udvikling. vi har sammen med to andre daginstitutioner adgang til gymnastiksal, svømmehal, en stor legeplads og minibusser. vi tager på ture til kulturelle tilbud, naturen og hvad der ellers er relevant ift. det aktuelle tema, vi arbejder med. løn og ansættelsesvilkår: løn og ansættelsesvilkår vil være i henhold til gældende overenskomst. endelig lønfastsættelse sker efter forhandling med den forhandlingsberettigede faglige organisation på baggrund af kvalifikationer, medmindre stillingen er omfattet af en forhåndsaftale, som kan danne grundlag for lønfastsættelsen ugentligt timetal: 37 timer der vil blive indhentet børne- og straffeattest og ansættelse sker under forudsætning af, at attesterne ikke viser, at du er uegnet/uværdig til stillingen. du kan læse mere her om hvordan vi behandler dine oplysninger her . hvis du vil vide mere: kontakt pædagogiske leder i børnehuset vandet, anne merete ebbesen, mail: aeb@aarhus.dk , telefon: 51837240 – eller: stedfortræder lotte h. mikkelsen, telefon: 51837241. ansøgning klik på ”ansøg” nedenfor for at udfylde og sende din ansøgning. alle felter med * skal udfyldes. først når du har modtaget en kvittering pr. e-mail, har vi modtaget din ansøgning. ansøgningsfrist: tirsdag den 18. februar 2025, kl. 12.00. vi forventer at afholde samtaler løbende. start snarest muligt. om os på søndervang-matriklen (hvor vi er sammen med skole, klub og to andre daginstitutioner) spiller vi hinanden gode og står til rådighed for videndeling, sparring, feedback og feedforward. i hverdagen samarbejder vi om at udvikle en fælles kultur og pædagogisk retning med afsæt i læreplanen og aarhus kommunes børne- og ungepolitik. vores pædagogik tager afsæt i en neuropædagogisk tilgang. vi arbejder med begreber som ”før, under og efter”, mentaliseringskompetencer, mikro- og makroregulering samt nuzo i forhold til det enkelte barn og børnegruppen. vi er inspireret af nest og har et inkluderende miljø/fællesskab for øje. aktuelt er vi i gang med et kompetenceudviklingsforløb, ”dagtilbud for alle” – optimering af læringsmiljøet med fokus på alle børns deltagelsesmulighed i fællesskabet. teamsamarbejde prioriteres højt i egen afdeling og på tværs af dagtilbuddet. vores sammenhængskraft giver dig mange kollegaer og muligheder for sparring og faglig udvikling. du er i dit daglige virke tilknyttet en nærmeste leder. din leder vil tilbyde sparring og i er samskabende om kerneopgaven. vores børnegruppe repræsenterer en mangfoldighed af forskellige familietyper og etnicitet, som vi beriges med. i dagligdagen lægger vi særligt vægt på at arbejde med barnets sproglige udvikling og dets sociale kompetencer, samt at klæde barnet på til at indgå i meningsfulde inkluderende børnefællesskaber. vi har også et særligt fokus på forældresamarbejdet og bruger blandt andet tid på at rådgive og vejlede forældre i forældrerollen. du vil som kontaktpædagog bl.a. få ansvar for planlægning og afvikling af pædagogiske aktiviteter, forældresamtaler, udarbejdelse af skriftligt materiale ex. indstilling til ppr. om aarhus kommune aarhus kommune er jyllands største arbejdsplads, hvor 28.000 professionelle og passionerede kollegaer hver dag arbejder for at gøre visioner til virkelighed og skabe værdi for borgere og samfundet omkring os. vi er en arbejdsplads, der vægter faglighed og samarbejde højt og vi tror på, at vores forskelligheder er med til at gøre aarhus for en god by for alle. sammen arbejder vi for en bæredygtig og inkluderende by, hvor både ansatte, borgere, virksomheder og naturen kan trives og blomstre. vi har ambitioner for byen – og for dig. kom og vær med!",,,,,,,,,,,,,,,,,,,,,,,,,,,,,,,
