Job Title,Count
Pædagog,1660
Sygeplejerske,1320
Social- og sundhedsassistent,1297
Social- og sundhedshjælper,783
Rengøringsassistent,775
Folkeskolelærer,654
Handicaphjælper,584
Kok,558
Butiksassistent,556
Elektriker,466
Lager- og logistikmedarbejder,465
Studentermedhjælp,404
Tømrer,403
Produktionsmedarbejder,402
Pædagogmedhjælper,399
Kundeservicemedarbejder,360
Socialpædagog,354
Læge,350
Køkkenmedhjælper,347
Tjener,345
Butiksmedhjælper,306
Socialrådgiver,291
Projektleder,280
Salgskonsulent,275
Afdelingsleder,234
Klejnsmed,217
Kontorassistent,200
"Chauffør, fragt, distribution, blandet kørsel",198
Fysioterapeut,187
Automekaniker,183
Industritekniker,183
Fuldmægtig,176
Jurist,163
Psykolog,157
Lægesekretær,140
Social- og sundhedsassistentelev,139
Murer,138
Ernæringsassistent,134
Omsorgshjælper,131
VVS-montør,130
IT-konsulent,129
"Afdelingsleder, offentlig",129
Maskinfører,128
Ergoterapeut,121
Butikschef,121
Bogholderi- og regnskabsassistent,118
Dagplejer,113
Specialkonsulent,113
Bogholder,111
Serveringsmedarbejder,108
Servicetekniker,108
Omsorgsmedhjælper,106
Anlægsgartner,103
Salgs- og kundeansvarlig,101
Marketingmedarbejder,100
Økonomicontroller,98
Opvasker,95
Restaurantchef,94
salgsassistent,94
Social- og sundhedshjælperelev,94
Job- og virksomhedskonsulent,93
Mekaniker,92
Kontormedhjælper,91
Cafemedarbejder,89
"Specialarbejder, byggeri",89
IT-supporter,87
Truckfører,86
"Post doc., naturvidenskab og teknik",86
Kontorelev,85
Sergent,85
Faglærer,83
Programmør og systemudvikler,82
Overlæge,80
Bygningsmaler,78
Økonomiassistent,78
"Specialarbejder, jord og beton",77
Pædagogisk assistent,75
Køkkenchef,75
CNC-operatør,74
"Chauffør, specialtransport",74
Kampagnemedarbejder,72
Smed,72
Bioanalytiker,71
"Ph.d., naturvidenskab og teknik",69
"Sagsbehandler, kommunal",68
Bartender,68
administrativ assistent,68
"Servicetekniker, rengøring og ejendomsservice",67
Indkøber,66
Byggeleder,66
"Sikkerhedsmedarbejder, vagt, sikkerhed og overvågning,",66
Svejser,65
Vinduespudser,64
"Specialarbejder, grønne områder",64
Sagsbehandler,64
Rengøringsassistent i kontor,63
Frisør,62
Konstabel,61
Sekretær,60
Assistent til salgssupport,59
Account manager,58
Projektkoordinator,58
Butikselev,57
"Specialarbejder, jern og metal",57
Civilingeniør,57
Kontorfuldmægtig,56
Projektmedarbejder,56
"ph.d., naturvidenskab og teknik",55
Speciallæge,54
"Kontorelev, administration",54
Fastfood ekspedient,53
"Operatør, jern & metal",53
Bygningskonstruktør,53
Gartner,53
Ekspedient,53
Afdelingschef,51
Kontormedarbejder,51
Graver,51
Skolepædagog,51
Plejehjemsmedhjælper,49
Udviklingskonsulent,49
HR-konsulent,49
"Rengøringsassistent, hotel",49
"Receptionist, hotel",48
"Daglig leder, institution",48
Skoleleder,47
Tandlæge,47
Lønbogholder,47
Interviewer,47
Områdechef,46
Koordinator,46
Automatiktekniker,46
Tandklinikassistent,45
"Receptionist, kontor",45
Landbrugsmedhjælper,45
Driftsleder,45
Uddannelses- og erhvervsvejleder,44
Kokkeelev,44
Pedel,44
Præst,43
Maskiningeniør,42
Teknisk servicemedarbejder,41
Bygningsingeniør,41
"Analytiker, data og analyse",41
"Souschef, køkken",41
Aftenskolelærer,41
Hospitalsserviceassistent,40
Ejendomsmægler,40
"Rengøringsassistent, privat",40
Lastvognsmekaniker,40
Pakkerimedarbejder,40
Officer,39
Laborant,39
Teknisk designer,39
Procesoperatør,39
Chefkonsulent,39
Jordemoder,38
Massør,38
Bager,38
Salgschef,37
Autolakerer,37
Faglig konsulent,37
Specialsygeplejerske,37
IT-ingeniør,36
"Chauffør, persontransport",36
Entreprenørmaskinemekaniker,36
Vicevært,36
Rørlægger,35
Skolesekretær,35
Kirketjener,34
IT-supporterelev,34
"Logistikmedarbejder, salg og indkøb",34
Taxichauffør,34
"Softwareudvikler, backend",34
Brolægger,34
Kvalitetsmedarbejder,33
"Post doc., sundhedsvidenskab",33
Dækmontør,33
Call centermedarbejder,33
Revisor,32
Tandplejer,32
Klargører,32
"Industrioperatør, ikke uddannet",31
"Kontorelev, økonomi",31
Maskinsnedker,30
IT-projektleder,30
Friskolelærer,30
Gartneriarbejder,30
Ledende sygeplejerske,30
Støttepædagog,30
Lagerekspedient,30
Delikatesseassistent,30
Landbrugsmaskinemekaniker,30
Buschauffør,30
Økonomichef,29
"Daglig leder, institution for børn og unge",29
Cater,29
"Formand, drift og produktion",28
Direktør,28
Anlægsstruktør,28
Værkfører,28
Fagkonsulent,28
Klubpædagog,28
Tolk,27
Gulvlægger,27
Musiklærer,27
Industrilakerer,27
Kloakrørlægger,27
Speciallærer,27
Adjunkt,27
"Teamleder, sundhed",27
Personalekonsulent,27
Pizzabager,27
Anlægsgartnerarbejder,26
Økonom,26
"Researcher, rekruttering",26
Handelselev,26
Maskinmester,26
Ernærings- og sundhedskonsulent,26
Ventilationstekniker,26
Erhvervsskolelærer,26
Værkstedsassistent,26
Kontorchef,26
Renovationsarbejder,26
Automekanikerlærling,25
Vært i restaurant,25
Merchandiser,25
Reservedelsekspedient,25
IT-tekniker,25
IT-arkitekt,24
Familieplejer,24
Pædagogisk konsulent,24
Produktionsteknolog,24
Maskinoperatør,24
Sproglærer,24
Produktionstekniker,24
Direktionssekretær,23
"Specialarbejder, tømrer",23
Gymnasielærer,23
"Kontorelev, administation",23
Callcentermedarbejder,23
Elektronikfagtekniker,23
Kommunikationsmedarbejder,23
Elektronikarbejder,23
"ph.d., sundhedsvidenskab",23
Regnskabschef,23
"Operatør, fødevarer",22
Socialarbejder,22
Ledsager,22
"Chauffør, budtransport, køretøj under 3½ ton",22
Farmakonom,22
Businesscontroller,22
"Specialarbejder, kloak",22
"Adjunkt, professionshøjskole",21
Centerleder,21
Vagt,21
Stilladsmontør,21
Systemadministrator,21
"Daglig leder, institution for ældre",21
Byplanlægger,21
Byggesagsbehandler,21
Anlægsarbejder,21
"Rengøringsassistent, industri",20
Leder af offentlig forvaltning,20
Radiograf,20
Logopæd,20
Ernæringsassistentelev,20
Hotelmedarbejder,20
Arkitekt,20
"Post doc., samfundsvidenskab",20
Pedelmedhjælper,20
Uddannelsesleder,19
Kranfører,19
Slagtermester,19
Cykelmekaniker,19
"Softwareudvikler, frontend",19
Administrativ lægesekretær,19
Ejendomsservicetekniker,19
Omdeler,19
Forretningsudvikler,19
"Rengøringsassistent, hospital",19
Miljøkonsulent,18
Kordegn,18
"Institutionsleder, børn og unge",18
Kommunikationskonsulent,18
PAU-elev,18
Blikkenslager,17
Elektroingeniør,17
Elinstallatør,17
Rådgivende konsulent,17
VVS-installatør,17
"Gymnasielærer, naturvidenskab og idræt",17
Rengøringsinspektør,17
"Rejsemontør, industri",17
Produktionsleder,17
Værktøjsmager,17
Plade- og konstruktionssmed,16
Livredder,16
"Industrioperatør, uddannet",16
Kommunal planlægger,16
Idrætsinstruktør og -konsulent,16
Miljøtekniker,15
Arbejdsmiljøkonsulent,15
Husassistent,15
Nedriver,15
"Daglig leder, sundhed",15
Pædagogisk faglig koordinator,15
Serviceelektriker,15
"Chauffør, tankvogn",15
Tekstforfatter,15
Anæstesisygeplejerske,15
Møbelsnedker,15
Lagerchef,15
Klubmedarbejder,15
"ph.d., samfundsvidenskab",15
Speditør,15
Ejendomsadministrator,14
Brolæggerarbejde,14
Plejehjemsleder,14
Sundhedsplejerske,14
HR-assistent,14
Farmaceut,14
"Professor, naturvidenskab og teknik",14
Bankrådgiver,14
Rejsebureaumedarbejder,14
"Ekstern lektor, samfundsvidenskab",14
"Ph.d., sundhedsvidenskab",14
Fundraiser,14
Tandklinikassistentelev,14
Biolog,14
Produktchef,14
IT-sikkerhedskonsulent,13
Skibsfører,13
Blomsterbinder,13
"Adjunkt, naturvidenskab og teknik",13
Isolatør,13
"Afdelingschef, offentlig",13
Webudvikler,13
"Piccolo / piccoline, kontor",13
Finansmedarbejder,13
Bibliotekar,13
"Specialarbejder, murer",13
"Forskningsassistent, sundhedsvidenskab",13
"Operatør, træ",13
Dagtilbudsleder,13
Sognehjælper,12
SSP-medarbejder,12
Miljøingeniør,12
HVAC-tekniker,12
Socialformidler,12
Marketingchef,12
"Underviser, social- og sundhedsskoler",12
Optiker,12
Viceskoleleder,12
Supply chain manager,12
Dyrlæge,12
Dyrepasser,12
IT-kvalitetsmedarbejder,12
Journalist,12
Indkøbschef,12
Musiker,12
"Souschef, institution",12
Butiks- og detailslagter,12
Energiingeniør,12
Elektronikingeniør,12
Speditørelev,11
Sanger,11
"Arbejdsleder, produktion",11
Facility manager,11
Betonmager,11
"Lektor, sundhedsvidenskab",11
Automontør,11
Bil- og varevognschauffør til vareudbringning,11
Lektor,11
Mediegrafiker,11
Hospitalsmedhjælper,11
Flyttearbejder,11
Efterskolelærer,11
Skibsmontør,11
Sygeplejerske studerende,11
SOME-medarbejder,11
Organist,11
Kloakmester,11
Studiesekretær,11
Konditor,10
Intern sælger,10
Elektrikerlærling,10
Trafikplanlægger,10
Smedelærling,10
"Adjunkt, sundhedsvidenskab",10
Produktionsingeniør,10
"Specialarbejder, maler",10
Skov- og naturtekniker,10
Sekretariatschef,10
Eventmanager,10
"Lektor, samfundsvidenskab",10
Tjenerelev,10
"Undervisningsassistent, samfundsvidenskab",10
Kosmetolog,10
Landmand,10
Misbrugsbehandler,10
Datakonsulent,10
Laboratorieassistent,10
Smørrebrødsjomfru,10
VVS-tekniker,10
"Servicetekniker, jern og metal",10
Teknisk serviceleder,10
Produktionschef,9
Børne- og ungekoordinator,9
Slagteriarbejder,9
Forlystelsesmedarbejder,9
Skiltemaler,9
IT-chef,9
"Afdelingsleder, privat",9
Tale-hørelærer,9
Visitator,9
"Professor, sundhedsvidenskab",9
Uddannelseslæge,9
Plastmager,9
E-commerce manager,9
Klinisk psykolog,9
Automationsingeniør,9
Familievejleder,9
Medarbejder på turistkontor,9
Sygeplejerske med akademisk overbygning,9
Overassistent,9
Fitness-instruktør,9
"Civilingeniør, bygge og anlæg",9
Industrimekaniker,9
Kemiker,9
Negletekniker,9
Sygehuslæge,9
Karosserismed,9
Bygningssnedker,9
"Undervisningsassistent, naturvidenskab og teknik",9
Industrislagter,9
Administrationschef,9
UX designer,9
Bageriarbejder,9
Detailhandelselev,8
Sagsadministrator,8
Brandmand,8
Udviklingschef,8
Teknisk chef,8
Parkeringsvagt,8
"Underviser, professionshøjskole",8
Ejendomsfunktionær,8
Lærervikar,8
Køkkenmontør,8
Skovarbejder,8
"Gymnasielærer, humaniora og kreative fag",8
"Ph.d., samfundsvidenskab",8
Kontorleder,8
Driftsassistent,8
Kulturmedarbejder,8
Dørmand,8
Barista,8
Dokumentationsmedarbejder,8
Redder,8
Gartnerelev,7
Værkstedsleder,7
Landinspektør,7
Mejerist,7
Driftschef,7
Databaseadministrator,7
Bæredygtighedskonsulent,7
Natportier,7
Procesingeniør,7
Finansrådgiver,7
Vaskeriassistent,7
"Forsker, sundhedsvidenskab",7
Kvalitetsingeniør,7
Energikonsulent,7
Av tekniker,7
Farmakonomelev,7
Tagdækker,7
"Receptionschef, hotel",7
"Rejsemontør, bygge og anlæg",7
Karosseritekniker,7
Kvalitetschef,7
Ungdomsskolelærer,7
Kundeservicechef,7
Biblioteksassistent,7
Bilsynsassistent,7
Audiologiassistent,7
Lager- og logistikelev,7
Køletekniker,7
Datatekniker,6
Klinisk Diætist,6
Guide,6
Greenkeeper,6
Contract manager,6
Revisorassistent,6
Ordrebehandler,6
"Post doc., humaniora",6
Glarmester,6
Kasseassistent,6
Kort- og landmålingstekniker,6
"Lektor, naturvidenskab og teknik",6
"Professor, samfundsvidenskab",6
Virksomhedsudvikler,6
HR-chef,6
"Adjunkt, samfundsvidenskab",6
Industriteknikerlærling,6
Skolekonsulent,6
Vuggestueleder,6
Byggetekniker,6
FVU-lærer,6
"Undervisningsassistent, sundhedsvidenskab",6
Kranmekaniker,6
Webmaster,6
Blomsterdekoratør,6
Socialfaglig leder,6
Finanschef,6
Personalechef,6
Slagterlærling,6
Museumsmedhjælper,6
Eventassistent,6
Låsesmed,6
Kørselsleder,6
Ejendomsserviceteknikerelev,6
Digitaliseringskonsulent,6
Økonoma,6
"Forsker, naturvidenskab og teknik",5
Skrædder,5
Bagerlærling,5
VVS-lærling,5
Gulvlæggerlærling,5
Rektor,5
Familierådgiver,5
Kontrollør,5
Kantineleder,5
Maskinkonstruktør,5
Ordblindelærer,5
Driftsplanlægger,5
Institut- / centerleder,5
Multimediedesigner,5
Familiekonsulent,5
Geotekniker,5
Produktionsplanlægger,5
Kirkesanger,5
Oversygeplejerske,5
"Operatør, bygge og anlæg",5
Molekylærbiolog,5
Portør,5
"Sportstræner, prof.",5
Kommunikationskoordinator,5
Kommunikationschef,5
Business intelligence manager,5
Elektrofagtekniker,5
Trykkeriarbejder,5
"Souschef, institution for børn og unge",5
Finmekaniker,5
FGU-lærer,5
markedsføringsspecialist,5
Landskabsarkitekt,5
"Specialarbejder, VVS",5
Psykiatrisk sygeplejerske,5
Korleder,5
Logistikchef,5
Sanglærer,5
Salgsdirektør,5
Oldfrue,5
Butiksdetektiv,5
Asfaltør,5
Kemiingeniør,5
Statistiker,5
Hardware-udvikler,5
"Operatør, tekstil",5
"Driftsleder, landbrug",5
Webredaktør,4
Havneassistent,4
"Videnskabelig assistent, naturvidenskab og teknik",4
Logistiker,4
Handelsskolelærer,4
Biokemiker,4
Researcher,4
Forsikringsfunktionær,4
"Videnskabelig assistent, samfundsvidenskab",4
Receptionistelev,4
Elektronikfagteknikerelev,4
Garderobeassistent,4
"Tilsynstekniker, fødevarer",4
Renseriassistent,4
Dommer,4
"Associate professor, samfundsvidenskab",4
"Gymnasielærer, samfundsvidenskab",4
"Sagsbehandler, a-kasse",4
Politisk konsulent,4
IT-underviser,4
Produktudvikler,4
Pressesekretær,4
"Afdelingschef, privat",4
"Assistant professor, naturvidenskab og teknik",4
IT-Product owner,4
Fodterapeut,4
Finansanalytiker,4
Neurofysiologiassistentelev,4
Veterinærsygeplejerske,4
Dirigent,4
Cykelbud,4
Campingpladsbestyrer,4
Robottekniker,4
"ph.d., humaniora",4
Dagplejeleder,4
Fiskehandler,4
"Ekstern lektor, sundhedsvidenskab",4
Designer,4
"Arbejdsleder, bygge og anlæg",4
"Operatør, kemisk",4
Rejsekonsulent,4
Servicechef,4
"Servicemedarbejder, foto",4
"Videnskabelig assistent, sundhedsvidenskab",4
Redaktør,4
Laborantelev,4
Bådebygger,4
Lagerforvalter,4
Procesteknolog,4
Webdesigner,4
Elektrotekniker,4
Offshorearbejder,4
Indkøbselev,4
"Undervisningsassistent, folkeskole",4
Bygningsstruktør,4
Højskolelærer,4
Jern- og metalsliber,4
Shippingmedarbejder,4
Naturvejleder,4
Fibertekniker,4
Flisemontør,3
Datateknikerelev,3
Shippingelev,3
Tæppemontør,3
Stylist,3
Politisk medarbejder,3
Jordbrugsteknolog,3
Steward / stewardesse,3
Halinspektør,3
Serviceassistentelev,3
Eventkoordinatorelev,3
Struktør,3
Oversætter,3
Brandinspektør,3
"Ekstern lektor, naturvidenskab og teknik",3
Personlig træner,3
Kursuskoordinator,3
"Assistant professor, samfundsvidenskab",3
Børnepasser,3
"Operatør, plastmager",3
Leder af børne- og ungdomsklub,3
Ambulancefører,3
Skov- og naturteknikerelev,3
Havbiolog,3
Psykoterapeut,3
Yogalærer,3
Audiolog,3
"Operatør, logistik",3
"Videnskabelig assistent, humaniora",3
Teknisk kommunikator,3
"Operatør, emballage",3
Medarbejder på et dyreinternat,3
Klinisk tandtekniker,3
Chefstrateg,3
Advokat,3
Teletekniker,3
Transportchef,3
Bygningsmalerlærling,3
Testingeniør,3
Bore- og udvindingsarbejder,3
Regionschef,3
Vært/Værtinde,3
Postfunktionær,3
"Lektor, humaniora",3
Autoteknolog,3
Kørelærer,3
Fotograf,3
Tegner,3
Museumsinspektør,3
Hotelchef,3
Grafisk tekniker,3
Professor,3
Møbelpolstrer,3
"Associate professor, naturvidenskab og teknik",3
Autolakererlærling,3
Tolder,3
Audiologiassistentelev,3
Skibsassistent,3
Beklædningshåndværkerelev,3
Specialtandlæge,2
Skorstensfejerlærling,2
Arkivar,2
Forsyningsoperatør,2
Scenekunstner,2
IT-revisor,2
"Seniorforsker, sundhedsvidenskab",2
"Idrætsleder, kommunal",2
Danselærer,2
Teknisk designerelev,2
"Undervisningsassistent, humaniora",2
Miljø- og sikkerhedschef,2
Psykomotorisk terapeut,2
Fodermester,2
Filmfotograf,2
Vagtcentralassistent,2
Skibsbygger,2
Skovfoged,2
Ministerialbetjent,2
Overstyrmand,2
Sikkerhedschef,2
"Operatør, pharma",2
Grafisk designer,2
Laboratorietekniker,2
Rustfast industrimontør,2
IT-Product manager,2
Skibsingeniør,2
Landbrugselev,2
Dommerfuldmægtig,2
Geolog,2
Byggemontagetekniker,2
Finanselev,2
Information- og videnchef IT,2
Alternativ behandler,2
"Professor, humaniora",2
Efterskoleforstander,2
Motorcykelmekaniker,2
Forskningschef,2
Agronom,2
Programchef,2
"Ekstern lektor, kunstakademi",2
Telefonist,2
Mentor,2
Neurofysiologiassistent,2
Teatermedarbejder,2
Glarmesterlærling,2
IT-produktejer,2
"Adjunkt, kunstakademi",2
Medicotekniker,2
"Ekstern lektor, humaniora",2
Fræser,2
Vagtcentralmedarbejder,2
"Civilingeniør, IT",2
Vindmølleoperatør,2
Turistguide,2
Fødevareteknolog,2
"Koordinator, hotel",2
Advokatsekretær,2
"Forsker, professionshøjskole",2
Import- og eksportmedarbejder,2
"ph.d., kunstakademi",2
Inkassomedarbejder,2
Køleteknikerlærling,2
"Lektor, professionshøjskole og erhvervsakademi",2
Havnefoged,2
Laboratorieleder,2
"ph.d., teologi",2
"Chauffør, dyretransport",2
Skatterevisor,2
Grafikerelev,2
Museumsbetjent,2
Støberitekniker,2
Sygehusdirektør,2
"Operatør, glas",1
Fotografelev,1
Gastekniker,1
Billetsælger,1
Fritidsklubleder,1
Fiskeindustriarbejder,1
"ph.d., professionshøjskole og erhvervsakademi",1
Au pair,1
Tømrerlærling,1
"Organist, kantor",1
Bibliotekschef,1
Hundefrisør,1
Flytekniker,1
Modelkonstruktør,1
Veterinærsygeplejerske-elev,1
Lægesekretærelev,1
Datalog,1
Designteknolog,1
Indretningsarkitekt,1
"Adjunkt, humaniora",1
Pantefoged,1
Cykelhandler,1
Dyrepasserelev,1
Fængselsfunktionær,1
Hospitalsfysiker,1
"Specialarbejder, tekstil",1
Keramiker,1
IT-produktchef,1
GIS-tekniker,1
Flyteknikerlærling,1
Visual merchandiser,1
Havearkitekt,1
Arrangementchef,1
Klaverstemmer,1
Bygningstruktørlærling,1
"Film-, TV- og animationsarbejder",1
Databeskyttelsesrådgiver,1
"Kontorelev, revision",1
Chaufførelev,1
Instrumentbygger,1
"Seniorforsker, humaniora",1
Kunstnerisk leder,1
Serviceøkonom,1
"Souschef, institution for ældre",1
Shippingassistent,1
Tekster,1
Assurandør,1
Musikterapeut,1
Producer,1
Regnskabselev,1
Forsikringselev,1
Kustode,1
Telekommunikationsingeniør,1
Speditionsleder,1
Bademester,1
Copywriter,1
Skovbrugsrådgiver,1
"Kvalitetsmedarbejder, nærings- og nydelsesmiddel",1
Korrekturlæser,1
Skibsmaskinist,1
Bevægelsespædagog,1
Purser,1
Konservator,1
Kunstner,1
Havnearbejder,1
Destinationschef,1
Klimaforsker,1
"Driftstekniker, film-, TV- og teater",1
Forsorgsmedarbejder,1
Regionsdirektør,1
Varme- og ventilationstekniker,1
Skibsmægler,1
Værktøjsmagerlærling,1
Paramediciner,1
Sadelmager,1
Vagtcentralleder,1
Skibsmekaniker,1
designingeniør,1
Beslagsmed,1
Ortopædist,1
Kontraktchef,1
"Forskningsassistent, naturvidenskab og teknik",1
Biomediciner,1
Eventtekniker,1
Lægemiddelkonsulent,1
"Ph.d., humaniora",1
Diamantskærer,1
Flyteknikner,1
Flyinstruktør,1
Maskinassistent,1
Dramaturg,1
Taksator,1
Produktspecialist,1
Model,1
Fysiker,1
Lærer på skuespillerskole,1
ledningsmontør,1
Kunstlærer,1
Artdirector,1
Filmklipper,1
Mejeriarbejder,1
"Undervisningsassistent, professionshøjskole",1
"Operatør, drikkevarer",1
Indkøbsassistent,1
Ressourceleder,1
"Forskningsassistent, samfundsvidenskab",1
Demonstratør,1
"Forsker, humaniora",1
Bryggeriarbejder,1
Tekstildesigner,1
CSR-ansvarlig,1
Togfører,1
Erhvervsanalytiker,1
Bankdirektør,1
Investeringsrådgiver,1
Social vicevært,1
"Relationship manager, finans",1
Trafikassistent,1
Skuespiller,1
"Ph.d., professionshøjskole og erhvervsakademi",1
Revisorelev,1
Lastvognsmekanikerlærling,1
Miljøanalytiker,1
Politibetjent / -assistent,1
Miljøkoordinator,1
Levnedsmiddelingeniør,1
Industrioperatørelev,1
VUC-lærer,1
Vejrvært,1
Korsanger,1
GIS-medarbejder,1
Musikpædagog,1
Skibsmontørlærling,1
Reklamekonsulent,1
Croupier,1
Automatikteknikerelev,1
Bygningsstruktørlærling,1
Instruktørassistent,1
Distributionschef,1
Arkæolog,1
Farvehandler,1
friluftsvejleder,1
Maskinmesteraspirant,1
Staldmester,1
Teatertekniker,1
Sommelier,1
